
-- USERS
INSERT INTO public.users (id,created_at,updated_at,username,"password",name,surname,"family",email,age,gender,"role") VALUES
	 ('62dd11ed-34a8-4635-bd24-4b1cf4f4ab46'::uuid,'2024-11-14 18:27:36.367271+02','2024-11-23 17:24:41.740154+02','admin','admin','Petar','Ivanov','Ivanov','test@abc.bg',44,'male','administrator'),
	 ('12903f54-fb0e-48c8-b991-916796f3a125'::uuid,'2024-11-23 18:17:52.633503+02','2024-11-23 18:17:52.633503+02','krum0','krum0','Krum','Varadinov','Vladimirov','krum0@tickets.com',38,'male','reporter'),
	 ('263512d9-b09c-417f-84b4-1f8fee5e8a79'::uuid,'2024-11-23 18:17:52.633503+02','2024-11-23 18:17:52.633503+02','kristina1','kristina1','Kristina','Petrovа','Pavlovа','kristina1@tickets.com',37,'female','assignee'),
	 ('c8e63091-3e3f-4a68-b6fe-c47759bf25af'::uuid,'2024-11-23 18:17:52.633503+02','2024-11-23 18:17:52.633503+02','borislav2','borislav2','Borislav','Vladimirov','Pavlov','borislav2@tickets.com',37,'male','reporter'),
	 ('22f283c4-b69e-4942-9137-84f49a2133ca'::uuid,'2024-11-23 18:17:52.633503+02','2024-11-23 18:17:52.633503+02','miroslava3','miroslava3','Miroslava','Stefanovа','Pavlovа','miroslava3@tickets.com',30,'female','reporter'),
	 ('8bbd3e16-f942-4f37-9b30-d8c1de743f7a'::uuid,'2024-11-23 18:17:52.633503+02','2024-11-23 18:17:52.633503+02','ivan4','ivan4','Ivan','Ivanov','Petrov','ivan4@tickets.com',58,'male','assignee'),
	 ('3a243608-b873-4137-9a60-a4db1f96d856'::uuid,'2024-11-23 18:17:52.633503+02','2024-11-23 18:17:52.633503+02','kristina5','kristina5','Kristina','Ivanovа','Pavlovа','kristina5@tickets.com',35,'female','assignee'),
	 ('5dea3a57-9450-4234-be85-4868668a3e0f'::uuid,'2024-11-23 18:17:52.633503+02','2024-11-23 18:17:52.633503+02','teodor6','teodor6','Teodor','Petrov','Pavlov','teodor6@tickets.com',27,'male','assignee'),
	 ('929f94d0-6e13-46b2-9b84-dc859c5bde37'::uuid,'2024-11-23 18:17:52.633503+02','2024-11-23 18:17:52.633503+02','pavlina7','pavlina7','Pavlina','Dragomirovа','Pavlovа','pavlina7@tickets.com',32,'female','reporter'),
	 ('dc0f41d6-21f7-45aa-a072-7cb4b2851204'::uuid,'2024-11-23 18:17:52.633503+02','2024-11-23 18:17:52.633503+02','teodor8','teodor8','Teodor','Dragomirov','Stefanov','teodor8@tickets.com',54,'male','reporter');
INSERT INTO public.users (id,created_at,updated_at,username,"password",name,surname,"family",email,age,gender,"role") VALUES
	 ('25ba5912-2e5f-458b-86fe-470b4b0b2935'::uuid,'2024-11-23 18:17:52.633503+02','2024-11-23 18:17:52.633503+02','pavlina9','pavlina9','Pavlina','Varadinovа','Vladimirovа','pavlina9@tickets.com',34,'female','assignee'),
	 ('f842dd07-559e-4b02-bda5-6873778a6131'::uuid,'2024-11-23 18:17:52.633503+02','2024-11-23 18:17:52.633503+02','dragomir10','dragomir10','Dragomir','Varadinov','Ivanov','dragomir10@tickets.com',52,'male','reporter'),
	 ('834b7370-5b3d-4db3-9032-c91a7f23d22f'::uuid,'2024-11-23 18:17:52.633503+02','2024-11-23 18:17:52.633503+02','milena11','milena11','Milena','Stefanovа','Vladimirovа','milena11@tickets.com',25,'female','assignee'),
	 ('79827caf-0368-4e85-aff9-9a632c0f59dc'::uuid,'2024-11-23 18:17:52.633503+02','2024-11-23 18:17:52.633503+02','teodor12','teodor12','Teodor','Stefanov','Pavlov','teodor12@tickets.com',27,'male','reporter'),
	 ('83f84fee-1cbb-4ce1-b923-dc9a3afa2aae'::uuid,'2024-11-23 18:17:52.633503+02','2024-11-23 18:17:52.633503+02','kalina13','kalina13','Kalina','Stefanovа','Georgievа','kalina13@tickets.com',50,'female','reporter'),
	 ('489aff38-9913-4034-b5c5-b8405a75b249'::uuid,'2024-11-23 18:17:52.633503+02','2024-11-23 18:17:52.633503+02','krum14','krum14','Krum','Petrov','Dragomirov','krum14@tickets.com',26,'male','assignee'),
	 ('02e58538-0067-4646-9e84-5056bd9f895b'::uuid,'2024-11-23 18:17:52.633503+02','2024-11-23 18:17:52.633503+02','kristina15','kristina15','Kristina','Stefanovа','Dragomirovа','kristina15@tickets.com',30,'female','reporter'),
	 ('682ed634-30a8-49a8-8a0f-eb4f65eafefb'::uuid,'2024-11-23 18:17:52.633503+02','2024-11-23 18:17:52.633503+02','dragomir16','dragomir16','Dragomir','Pavlov','Petrov','dragomir16@tickets.com',35,'male','reporter'),
	 ('4776a491-04e9-4b16-b4c1-f48cde7c93d9'::uuid,'2024-11-23 18:17:52.633503+02','2024-11-23 18:17:52.633503+02','kalina17','kalina17','Kalina','Stefanovа','Georgievа','kalina17@tickets.com',45,'female','assignee'),
	 ('25e48a23-ac50-4549-9f81-16f2ebc885af'::uuid,'2024-11-23 18:17:52.633503+02','2024-11-23 18:17:52.633503+02','borislav18','borislav18','Borislav','Vladimirov','Petrov','borislav18@tickets.com',46,'male','assignee');
INSERT INTO public.users (id,created_at,updated_at,username,"password",name,surname,"family",email,age,gender,"role") VALUES
	 ('1d52e2fb-e153-4faa-a230-7efe407d11b2'::uuid,'2024-11-23 18:17:52.633503+02','2024-11-23 18:17:52.633503+02','pavlina19','pavlina19','Pavlina','Dragomirovа','Ivanovа','pavlina19@tickets.com',44,'female','assignee'),
	 ('8d5efe54-6398-4f61-bb89-022e154207ed'::uuid,'2024-11-23 18:17:52.633503+02','2024-11-23 18:17:52.633503+02','krum20','krum20','Krum','Vladimirov','Georgiev','krum20@tickets.com',25,'male','reporter'),
	 ('79c03360-96bd-41ab-9193-23e8f2dfa852'::uuid,'2024-11-23 18:17:52.633503+02','2024-11-23 18:17:52.633503+02','pavlina21','pavlina21','Pavlina','Pavlovа','Petrovа','pavlina21@tickets.com',57,'female','reporter'),
	 ('9e0fc85f-e987-4a2e-a632-78bd9ee6c49e'::uuid,'2024-11-23 18:17:52.633503+02','2024-11-23 18:17:52.633503+02','dragomir22','dragomir22','Dragomir','Stefanov','Ivanov','dragomir22@tickets.com',22,'male','reporter'),
	 ('dbebad9b-2c2e-4134-81da-4ce50af2edfc'::uuid,'2024-11-23 18:17:52.633503+02','2024-11-23 18:17:52.633503+02','kristina23','kristina23','Kristina','Petrovа','Varadinovа','kristina23@tickets.com',52,'female','reporter'),
	 ('aa22ac40-5ffc-4ea9-994d-13425a669ba3'::uuid,'2024-11-23 18:17:52.633503+02','2024-11-23 18:17:52.633503+02','dragomir24','dragomir24','Dragomir','Georgiev','Dragomirov','dragomir24@tickets.com',46,'male','assignee'),
	 ('a439d603-7b38-41f6-9ccd-096559659df0'::uuid,'2024-11-23 18:17:52.633503+02','2024-11-23 18:17:52.633503+02','pavlina25','pavlina25','Pavlina','Stefanovа','Pavlovа','pavlina25@tickets.com',46,'female','assignee'),
	 ('ba9a3806-f818-4d84-9bd8-cf03326f0206'::uuid,'2024-11-23 18:17:52.633503+02','2024-11-23 18:17:52.633503+02','krum26','krum26','Krum','Varadinov','Varadinov','krum26@tickets.com',21,'male','reporter'),
	 ('84164708-6cae-49ca-8a3b-045042b01abf'::uuid,'2024-11-23 18:17:52.633503+02','2024-11-23 18:17:52.633503+02','kristina27','kristina27','Kristina','Ivanovа','Petrovа','kristina27@tickets.com',47,'female','assignee'),
	 ('a51d04e4-2a4a-4254-b6c8-7be3e9616352'::uuid,'2024-11-23 18:17:52.633503+02','2024-11-23 18:17:52.633503+02','krum28','krum28','Krum','Ivanov','Georgiev','krum28@tickets.com',30,'male','reporter');
INSERT INTO public.users (id,created_at,updated_at,username,"password",name,surname,"family",email,age,gender,"role") VALUES
	 ('a43ae8b5-fc54-4e4d-b175-022084486bf9'::uuid,'2024-11-23 18:17:52.633503+02','2024-11-23 18:17:52.633503+02','kalina29','kalina29','Kalina','Dragomirovа','Varadinovа','kalina29@tickets.com',57,'female','assignee');

-- PROJECTS
INSERT INTO public.projects (id,created_at,updated_at,"label",description,owner_id,status) VALUES
	 ('0ad8fc87-3fa4-415e-bcd2-d8d485deed5f'::uuid,'2024-11-26 12:39:17.866475+02','2024-11-26 12:39:17.866475+02','Project 9e0fc85f-e987-4a2e-a632-78bd9ee6c49e','Description of project created by : 9e0fc85f-e987-4a2e-a632-78bd9ee6c49e','9e0fc85f-e987-4a2e-a632-78bd9ee6c49e'::uuid,'open'),
	 ('03862733-bffa-4157-822e-ff833c01aa27'::uuid,'2024-11-26 12:39:17.866475+02','2024-11-26 12:39:17.866475+02','Project 12903f54-fb0e-48c8-b991-916796f3a125','Description of project created by : 12903f54-fb0e-48c8-b991-916796f3a125','12903f54-fb0e-48c8-b991-916796f3a125'::uuid,'open'),
	 ('cd8c570d-97e0-4a7d-a192-cd018f038e9c'::uuid,'2024-11-26 12:39:17.866475+02','2024-11-26 12:39:17.866475+02','Project 929f94d0-6e13-46b2-9b84-dc859c5bde37','Description of project created by : 929f94d0-6e13-46b2-9b84-dc859c5bde37','929f94d0-6e13-46b2-9b84-dc859c5bde37'::uuid,'open'),
	 ('e5eb9714-29a0-4797-ba9d-4f1d3e4cf121'::uuid,'2024-11-26 12:39:17.866475+02','2024-11-26 12:39:17.866475+02','Project c8e63091-3e3f-4a68-b6fe-c47759bf25af','Description of project created by : c8e63091-3e3f-4a68-b6fe-c47759bf25af','c8e63091-3e3f-4a68-b6fe-c47759bf25af'::uuid,'open'),
	 ('b7211aaf-7ae0-4e78-92d5-402074809f03'::uuid,'2024-11-26 12:39:17.866475+02','2024-11-26 12:39:17.866475+02','Project ba9a3806-f818-4d84-9bd8-cf03326f0206','Description of project created by : ba9a3806-f818-4d84-9bd8-cf03326f0206','ba9a3806-f818-4d84-9bd8-cf03326f0206'::uuid,'open'),
	 ('bf565315-e25a-439e-886d-5e71787cbe47'::uuid,'2024-11-26 12:39:17.866475+02','2024-11-26 12:39:17.866475+02','Project a51d04e4-2a4a-4254-b6c8-7be3e9616352','Description of project created by : a51d04e4-2a4a-4254-b6c8-7be3e9616352','a51d04e4-2a4a-4254-b6c8-7be3e9616352'::uuid,'open'),
	 ('4b206124-18f4-4418-a8b9-30b710bf4298'::uuid,'2024-11-26 12:39:17.866475+02','2024-11-26 12:39:17.866475+02','Project 79827caf-0368-4e85-aff9-9a632c0f59dc','Description of project created by : 79827caf-0368-4e85-aff9-9a632c0f59dc','79827caf-0368-4e85-aff9-9a632c0f59dc'::uuid,'open'),
	 ('46abe2d1-f2dd-4a98-8452-1eb4c10224a7'::uuid,'2024-11-26 12:39:17.866475+02','2024-11-26 12:39:17.866475+02','Project ba9a3806-f818-4d84-9bd8-cf03326f0206','Description of project created by : ba9a3806-f818-4d84-9bd8-cf03326f0206','ba9a3806-f818-4d84-9bd8-cf03326f0206'::uuid,'open'),
	 ('68ca128d-a95a-44ac-bf32-5c4549e3455c'::uuid,'2024-11-26 12:39:17.866475+02','2024-11-26 12:39:17.866475+02','Project 8d5efe54-6398-4f61-bb89-022e154207ed','Description of project created by : 8d5efe54-6398-4f61-bb89-022e154207ed','8d5efe54-6398-4f61-bb89-022e154207ed'::uuid,'open'),
	 ('266a66f0-d4ef-4a8f-8701-896f4dbae7e6'::uuid,'2024-11-26 12:39:17.866475+02','2024-11-26 12:39:17.866475+02','Project 02e58538-0067-4646-9e84-5056bd9f895b','Description of project created by : 02e58538-0067-4646-9e84-5056bd9f895b','02e58538-0067-4646-9e84-5056bd9f895b'::uuid,'open');
INSERT INTO public.projects (id,created_at,updated_at,"label",description,owner_id,status) VALUES
	 ('84b197de-5dd0-488b-bf27-cc0ea3ea2b86'::uuid,'2024-11-26 12:39:17.866475+02','2024-11-26 12:39:17.866475+02','Project 682ed634-30a8-49a8-8a0f-eb4f65eafefb','Description of project created by : 682ed634-30a8-49a8-8a0f-eb4f65eafefb','682ed634-30a8-49a8-8a0f-eb4f65eafefb'::uuid,'open'),
	 ('96ddf58f-3be0-42d4-9604-71801cae0847'::uuid,'2024-11-26 12:39:17.866475+02','2024-11-26 12:39:17.866475+02','Project a51d04e4-2a4a-4254-b6c8-7be3e9616352','Description of project created by : a51d04e4-2a4a-4254-b6c8-7be3e9616352','a51d04e4-2a4a-4254-b6c8-7be3e9616352'::uuid,'open'),
	 ('c14f0b1b-1c36-4e76-8c6d-ea1116f8cccb'::uuid,'2024-11-26 12:39:17.866475+02','2024-11-26 12:39:17.866475+02','Project 79c03360-96bd-41ab-9193-23e8f2dfa852','Description of project created by : 79c03360-96bd-41ab-9193-23e8f2dfa852','79c03360-96bd-41ab-9193-23e8f2dfa852'::uuid,'open'),
	 ('20d2a150-9732-4733-af7c-323ffbf8b6e8'::uuid,'2024-11-26 12:39:17.866475+02','2024-11-26 12:39:17.866475+02','Project dc0f41d6-21f7-45aa-a072-7cb4b2851204','Description of project created by : dc0f41d6-21f7-45aa-a072-7cb4b2851204','dc0f41d6-21f7-45aa-a072-7cb4b2851204'::uuid,'open'),
	 ('0c027bc5-1461-47c9-a006-6d0171546eef'::uuid,'2024-11-26 12:39:17.866475+02','2024-11-26 12:39:17.866475+02','Project 12903f54-fb0e-48c8-b991-916796f3a125','Description of project created by : 12903f54-fb0e-48c8-b991-916796f3a125','12903f54-fb0e-48c8-b991-916796f3a125'::uuid,'open'),
	 ('d20e2744-ec2c-4062-ae02-1bbdb1643574'::uuid,'2024-11-26 12:39:17.866475+02','2024-11-26 12:39:17.866475+02','Project c8e63091-3e3f-4a68-b6fe-c47759bf25af','Description of project created by : c8e63091-3e3f-4a68-b6fe-c47759bf25af','c8e63091-3e3f-4a68-b6fe-c47759bf25af'::uuid,'open'),
	 ('b8dd301b-95be-4695-ada7-f8c527c1e37b'::uuid,'2024-11-26 12:39:17.866475+02','2024-11-26 12:39:17.866475+02','Project 12903f54-fb0e-48c8-b991-916796f3a125','Description of project created by : 12903f54-fb0e-48c8-b991-916796f3a125','12903f54-fb0e-48c8-b991-916796f3a125'::uuid,'open'),
	 ('3455534e-c561-4f3c-94cf-694a821bb709'::uuid,'2024-11-26 12:39:17.866475+02','2024-11-26 12:39:17.866475+02','Project c8e63091-3e3f-4a68-b6fe-c47759bf25af','Description of project created by : c8e63091-3e3f-4a68-b6fe-c47759bf25af','c8e63091-3e3f-4a68-b6fe-c47759bf25af'::uuid,'open'),
	 ('af7c7416-df8c-4ef4-b820-6c8b1a7cbf32'::uuid,'2024-11-26 12:39:17.866475+02','2024-11-26 12:39:17.866475+02','Project 22f283c4-b69e-4942-9137-84f49a2133ca','Description of project created by : 22f283c4-b69e-4942-9137-84f49a2133ca','22f283c4-b69e-4942-9137-84f49a2133ca'::uuid,'open'),
	 ('13fcc365-dc71-4785-9125-288116305ef1'::uuid,'2024-11-26 12:39:17.866475+02','2024-11-26 12:39:17.866475+02','Project c8e63091-3e3f-4a68-b6fe-c47759bf25af','Description of project created by : c8e63091-3e3f-4a68-b6fe-c47759bf25af','c8e63091-3e3f-4a68-b6fe-c47759bf25af'::uuid,'open');
INSERT INTO public.projects (id,created_at,updated_at,"label",description,owner_id,status) VALUES
	 ('78ba3fff-60b5-45d8-bb99-d1310a4320b5'::uuid,'2024-11-26 12:39:17.866475+02','2024-11-26 12:39:17.866475+02','Project 682ed634-30a8-49a8-8a0f-eb4f65eafefb','Description of project created by : 682ed634-30a8-49a8-8a0f-eb4f65eafefb','682ed634-30a8-49a8-8a0f-eb4f65eafefb'::uuid,'open'),
	 ('50a299a1-1787-479e-9973-17c9be951822'::uuid,'2024-11-26 12:39:17.866475+02','2024-11-26 12:39:17.866475+02','Project 682ed634-30a8-49a8-8a0f-eb4f65eafefb','Description of project created by : 682ed634-30a8-49a8-8a0f-eb4f65eafefb','682ed634-30a8-49a8-8a0f-eb4f65eafefb'::uuid,'open'),
	 ('83de224e-9b56-44eb-bdb3-0887c0264fbf'::uuid,'2024-11-26 12:39:17.866475+02','2024-11-26 12:39:17.866475+02','Project 79c03360-96bd-41ab-9193-23e8f2dfa852','Description of project created by : 79c03360-96bd-41ab-9193-23e8f2dfa852','79c03360-96bd-41ab-9193-23e8f2dfa852'::uuid,'open'),
	 ('ae88bada-476d-4132-841b-3b1a0f9fc138'::uuid,'2024-11-26 12:39:17.866475+02','2024-11-26 12:39:17.866475+02','Project 83f84fee-1cbb-4ce1-b923-dc9a3afa2aae','Description of project created by : 83f84fee-1cbb-4ce1-b923-dc9a3afa2aae','83f84fee-1cbb-4ce1-b923-dc9a3afa2aae'::uuid,'open'),
	 ('5f7878a0-85b9-440b-886f-73f79542fe35'::uuid,'2024-11-26 12:39:17.866475+02','2024-11-26 12:39:17.866475+02','Project 83f84fee-1cbb-4ce1-b923-dc9a3afa2aae','Description of project created by : 83f84fee-1cbb-4ce1-b923-dc9a3afa2aae','83f84fee-1cbb-4ce1-b923-dc9a3afa2aae'::uuid,'open'),
	 ('7178dfbf-7a4f-4bbd-b5cc-12f37e4822b2'::uuid,'2024-11-26 12:39:17.866475+02','2024-11-26 12:39:17.866475+02','Project 22f283c4-b69e-4942-9137-84f49a2133ca','Description of project created by : 22f283c4-b69e-4942-9137-84f49a2133ca','22f283c4-b69e-4942-9137-84f49a2133ca'::uuid,'open'),
	 ('846c28c2-174b-4d3f-a14a-b9a1b9b69881'::uuid,'2024-11-26 12:39:17.866475+02','2024-11-26 12:39:17.866475+02','Project a51d04e4-2a4a-4254-b6c8-7be3e9616352','Description of project created by : a51d04e4-2a4a-4254-b6c8-7be3e9616352','a51d04e4-2a4a-4254-b6c8-7be3e9616352'::uuid,'open'),
	 ('69046af6-b807-4f85-9cd0-878aeaa10009'::uuid,'2024-11-26 12:39:17.866475+02','2024-11-26 12:39:17.866475+02','Project 9e0fc85f-e987-4a2e-a632-78bd9ee6c49e','Description of project created by : 9e0fc85f-e987-4a2e-a632-78bd9ee6c49e','9e0fc85f-e987-4a2e-a632-78bd9ee6c49e'::uuid,'open'),
	 ('6dfad6cd-8f97-4ee4-8a41-950af75a48a3'::uuid,'2024-11-26 12:39:17.866475+02','2024-11-26 12:39:17.866475+02','Project 8d5efe54-6398-4f61-bb89-022e154207ed','Description of project created by : 8d5efe54-6398-4f61-bb89-022e154207ed','8d5efe54-6398-4f61-bb89-022e154207ed'::uuid,'open'),
	 ('4b4fda88-cf1f-4038-982a-9ad3eb5f3f7c'::uuid,'2024-11-26 12:39:17.866475+02','2024-11-26 12:39:17.866475+02','Project dbebad9b-2c2e-4134-81da-4ce50af2edfc','Description of project created by : dbebad9b-2c2e-4134-81da-4ce50af2edfc','dbebad9b-2c2e-4134-81da-4ce50af2edfc'::uuid,'open');


-- TICKETS
INSERT INTO public.tickets (id,created_at,updated_at,status,project_id,description,reporter_id,assignee_id) VALUES
	 ('5fdd1ddd-321d-49c6-a680-502d01ef14a1'::uuid,'2024-11-26 12:39:17.866475+02','2024-11-26 12:39:17.866475+02','new','b7211aaf-7ae0-4e78-92d5-402074809f03'::uuid,'Ticket description...','ba9a3806-f818-4d84-9bd8-cf03326f0206'::uuid,'8bbd3e16-f942-4f37-9b30-d8c1de743f7a'::uuid),
	 ('eaa5c04f-3aa0-4d45-980d-a74043f6d962'::uuid,'2024-11-26 12:39:17.866475+02','2024-11-26 12:39:17.866475+02','new','b7211aaf-7ae0-4e78-92d5-402074809f03'::uuid,'Ticket description...','ba9a3806-f818-4d84-9bd8-cf03326f0206'::uuid,'a439d603-7b38-41f6-9ccd-096559659df0'::uuid),
	 ('ecbebebb-38ae-4906-b033-ca03322c2174'::uuid,'2024-11-26 12:39:17.866475+02','2024-11-26 12:39:17.866475+02','new','b7211aaf-7ae0-4e78-92d5-402074809f03'::uuid,'Ticket description...','ba9a3806-f818-4d84-9bd8-cf03326f0206'::uuid,'25e48a23-ac50-4549-9f81-16f2ebc885af'::uuid),
	 ('d5be324f-b568-4762-8152-138b6b08f0f6'::uuid,'2024-11-26 12:39:17.866475+02','2024-11-26 12:39:17.866475+02','new','b7211aaf-7ae0-4e78-92d5-402074809f03'::uuid,'Ticket description...','ba9a3806-f818-4d84-9bd8-cf03326f0206'::uuid,'4776a491-04e9-4b16-b4c1-f48cde7c93d9'::uuid),
	 ('a72aa4f4-0751-4927-a051-2abac9387b43'::uuid,'2024-11-26 12:39:17.866475+02','2024-11-26 12:39:17.866475+02','new','bf565315-e25a-439e-886d-5e71787cbe47'::uuid,'Ticket description...','a51d04e4-2a4a-4254-b6c8-7be3e9616352'::uuid,'3a243608-b873-4137-9a60-a4db1f96d856'::uuid),
	 ('4130e8d6-80c0-4693-b8fc-d1ae85ebbed1'::uuid,'2024-11-26 12:39:17.866475+02','2024-11-26 12:39:17.866475+02','new','4b206124-18f4-4418-a8b9-30b710bf4298'::uuid,'Ticket description...','79827caf-0368-4e85-aff9-9a632c0f59dc'::uuid,'a43ae8b5-fc54-4e4d-b175-022084486bf9'::uuid),
	 ('ae6c3002-9b5d-45dc-82fd-cb368dbb3cc5'::uuid,'2024-11-26 12:39:17.866475+02','2024-11-26 12:39:17.866475+02','new','4b206124-18f4-4418-a8b9-30b710bf4298'::uuid,'Ticket description...','79827caf-0368-4e85-aff9-9a632c0f59dc'::uuid,'a439d603-7b38-41f6-9ccd-096559659df0'::uuid),
	 ('7275d2ba-3252-4e5b-80f5-372934e2dc40'::uuid,'2024-11-26 12:39:17.866475+02','2024-11-26 12:39:17.866475+02','new','4b206124-18f4-4418-a8b9-30b710bf4298'::uuid,'Ticket description...','79827caf-0368-4e85-aff9-9a632c0f59dc'::uuid,'5dea3a57-9450-4234-be85-4868668a3e0f'::uuid),
	 ('2db31410-0fbb-4f08-bb3b-0a091885aad5'::uuid,'2024-11-26 12:39:17.866475+02','2024-11-26 12:39:17.866475+02','new','4b206124-18f4-4418-a8b9-30b710bf4298'::uuid,'Ticket description...','79827caf-0368-4e85-aff9-9a632c0f59dc'::uuid,'aa22ac40-5ffc-4ea9-994d-13425a669ba3'::uuid),
	 ('3aae3468-09ed-47f1-94f2-54ee31f9bce3'::uuid,'2024-11-26 12:39:17.866475+02','2024-11-26 12:39:17.866475+02','new','4b206124-18f4-4418-a8b9-30b710bf4298'::uuid,'Ticket description...','79827caf-0368-4e85-aff9-9a632c0f59dc'::uuid,NULL);
INSERT INTO public.tickets (id,created_at,updated_at,status,project_id,description,reporter_id,assignee_id) VALUES
	 ('ef97f74d-46e7-48e8-a585-62708207e670'::uuid,'2024-11-26 12:39:17.866475+02','2024-11-26 12:39:17.866475+02','new','4b206124-18f4-4418-a8b9-30b710bf4298'::uuid,'Ticket description...','79827caf-0368-4e85-aff9-9a632c0f59dc'::uuid,NULL),
	 ('fe8d3b85-66cf-40df-8671-a1cfe4439a76'::uuid,'2024-11-26 12:39:17.866475+02','2024-11-26 12:39:17.866475+02','new','0ad8fc87-3fa4-415e-bcd2-d8d485deed5f'::uuid,'Ticket description...','9e0fc85f-e987-4a2e-a632-78bd9ee6c49e'::uuid,'84164708-6cae-49ca-8a3b-045042b01abf'::uuid),
	 ('86b58801-bd28-4713-aff2-1d513f42f659'::uuid,'2024-11-26 12:39:17.866475+02','2024-11-26 12:39:17.866475+02','new','0ad8fc87-3fa4-415e-bcd2-d8d485deed5f'::uuid,'Ticket description...','9e0fc85f-e987-4a2e-a632-78bd9ee6c49e'::uuid,'a439d603-7b38-41f6-9ccd-096559659df0'::uuid),
	 ('3374951a-d9a4-4529-90c1-f35bfbfafdf5'::uuid,'2024-11-26 12:39:17.866475+02','2024-11-26 12:39:17.866475+02','new','0ad8fc87-3fa4-415e-bcd2-d8d485deed5f'::uuid,'Ticket description...','9e0fc85f-e987-4a2e-a632-78bd9ee6c49e'::uuid,'aa22ac40-5ffc-4ea9-994d-13425a669ba3'::uuid),
	 ('0253e138-515b-4de4-88ed-8daa9c2d7549'::uuid,'2024-11-26 12:39:17.866475+02','2024-11-26 12:39:17.866475+02','new','0ad8fc87-3fa4-415e-bcd2-d8d485deed5f'::uuid,'Ticket description...','9e0fc85f-e987-4a2e-a632-78bd9ee6c49e'::uuid,'84164708-6cae-49ca-8a3b-045042b01abf'::uuid),
	 ('191dc620-bd62-46e7-91a9-d54632a40db0'::uuid,'2024-11-26 12:39:17.866475+02','2024-11-26 12:39:17.866475+02','new','0ad8fc87-3fa4-415e-bcd2-d8d485deed5f'::uuid,'Ticket description...','9e0fc85f-e987-4a2e-a632-78bd9ee6c49e'::uuid,NULL),
	 ('360f701f-ae6b-4734-b83f-8875da86a7b4'::uuid,'2024-11-26 12:39:17.866475+02','2024-11-26 12:39:17.866475+02','new','03862733-bffa-4157-822e-ff833c01aa27'::uuid,'Ticket description...','12903f54-fb0e-48c8-b991-916796f3a125'::uuid,'aa22ac40-5ffc-4ea9-994d-13425a669ba3'::uuid),
	 ('b0638b43-209f-43f9-922e-f5fadffc8a25'::uuid,'2024-11-26 12:39:17.866475+02','2024-11-26 12:39:17.866475+02','new','03862733-bffa-4157-822e-ff833c01aa27'::uuid,'Ticket description...','12903f54-fb0e-48c8-b991-916796f3a125'::uuid,'aa22ac40-5ffc-4ea9-994d-13425a669ba3'::uuid),
	 ('91f25308-08fe-42b0-99f4-ddd9e64dad23'::uuid,'2024-11-26 12:39:17.866475+02','2024-11-26 12:39:17.866475+02','new','03862733-bffa-4157-822e-ff833c01aa27'::uuid,'Ticket description...','12903f54-fb0e-48c8-b991-916796f3a125'::uuid,'a439d603-7b38-41f6-9ccd-096559659df0'::uuid),
	 ('484e2097-9cf2-435d-94a2-0478ac100ea4'::uuid,'2024-11-26 12:39:17.866475+02','2024-11-26 12:39:17.866475+02','new','03862733-bffa-4157-822e-ff833c01aa27'::uuid,'Ticket description...','12903f54-fb0e-48c8-b991-916796f3a125'::uuid,'1d52e2fb-e153-4faa-a230-7efe407d11b2'::uuid);
INSERT INTO public.tickets (id,created_at,updated_at,status,project_id,description,reporter_id,assignee_id) VALUES
	 ('85303136-b3e1-495b-b6e3-d7630c92bd2f'::uuid,'2024-11-26 12:39:17.866475+02','2024-11-26 12:39:17.866475+02','new','cd8c570d-97e0-4a7d-a192-cd018f038e9c'::uuid,'Ticket description...','929f94d0-6e13-46b2-9b84-dc859c5bde37'::uuid,'5dea3a57-9450-4234-be85-4868668a3e0f'::uuid),
	 ('93af25a6-184b-4bf1-bc94-3ea7b7e2ac08'::uuid,'2024-11-26 12:39:17.866475+02','2024-11-26 12:39:17.866475+02','new','cd8c570d-97e0-4a7d-a192-cd018f038e9c'::uuid,'Ticket description...','929f94d0-6e13-46b2-9b84-dc859c5bde37'::uuid,'5dea3a57-9450-4234-be85-4868668a3e0f'::uuid),
	 ('9f6e8ae0-c877-4c0a-babf-c0f642122787'::uuid,'2024-11-26 12:39:17.866475+02','2024-11-26 12:39:17.866475+02','new','cd8c570d-97e0-4a7d-a192-cd018f038e9c'::uuid,'Ticket description...','929f94d0-6e13-46b2-9b84-dc859c5bde37'::uuid,'834b7370-5b3d-4db3-9032-c91a7f23d22f'::uuid),
	 ('0f8e57f8-ae84-4a7d-a3d3-de9736871d8b'::uuid,'2024-11-26 12:39:17.866475+02','2024-11-26 12:39:17.866475+02','new','cd8c570d-97e0-4a7d-a192-cd018f038e9c'::uuid,'Ticket description...','929f94d0-6e13-46b2-9b84-dc859c5bde37'::uuid,'489aff38-9913-4034-b5c5-b8405a75b249'::uuid),
	 ('e8909332-008a-41b0-a476-ce5b86b023ce'::uuid,'2024-11-26 12:39:17.866475+02','2024-11-26 12:39:17.866475+02','new','cd8c570d-97e0-4a7d-a192-cd018f038e9c'::uuid,'Ticket description...','929f94d0-6e13-46b2-9b84-dc859c5bde37'::uuid,NULL),
	 ('74c353a7-38da-42d1-bc76-01265abecb94'::uuid,'2024-11-26 12:39:17.866475+02','2024-11-26 12:39:17.866475+02','new','e5eb9714-29a0-4797-ba9d-4f1d3e4cf121'::uuid,'Ticket description...','c8e63091-3e3f-4a68-b6fe-c47759bf25af'::uuid,'25e48a23-ac50-4549-9f81-16f2ebc885af'::uuid),
	 ('c43359c7-d2d7-4e1c-8e68-d6b6b589ea1d'::uuid,'2024-11-26 12:39:17.866475+02','2024-11-26 12:39:17.866475+02','new','e5eb9714-29a0-4797-ba9d-4f1d3e4cf121'::uuid,'Ticket description...','c8e63091-3e3f-4a68-b6fe-c47759bf25af'::uuid,'3a243608-b873-4137-9a60-a4db1f96d856'::uuid),
	 ('c33d288d-b158-4392-acdf-4fd823c500ba'::uuid,'2024-11-26 12:39:17.866475+02','2024-11-26 12:39:17.866475+02','new','e5eb9714-29a0-4797-ba9d-4f1d3e4cf121'::uuid,'Ticket description...','c8e63091-3e3f-4a68-b6fe-c47759bf25af'::uuid,'aa22ac40-5ffc-4ea9-994d-13425a669ba3'::uuid),
	 ('e8dd6c13-22e6-4827-834c-e2b485b665ac'::uuid,'2024-11-26 12:39:17.866475+02','2024-11-26 12:39:17.866475+02','new','46abe2d1-f2dd-4a98-8452-1eb4c10224a7'::uuid,'Ticket description...','ba9a3806-f818-4d84-9bd8-cf03326f0206'::uuid,'3a243608-b873-4137-9a60-a4db1f96d856'::uuid),
	 ('a205b6a5-bae5-4a99-8b79-b59c2e8d1680'::uuid,'2024-11-26 12:39:17.866475+02','2024-11-26 12:39:17.866475+02','new','46abe2d1-f2dd-4a98-8452-1eb4c10224a7'::uuid,'Ticket description...','ba9a3806-f818-4d84-9bd8-cf03326f0206'::uuid,'834b7370-5b3d-4db3-9032-c91a7f23d22f'::uuid);
INSERT INTO public.tickets (id,created_at,updated_at,status,project_id,description,reporter_id,assignee_id) VALUES
	 ('cae8db38-f218-4acc-9411-0b8842919c82'::uuid,'2024-11-26 12:39:17.866475+02','2024-11-26 12:39:17.866475+02','new','46abe2d1-f2dd-4a98-8452-1eb4c10224a7'::uuid,'Ticket description...','ba9a3806-f818-4d84-9bd8-cf03326f0206'::uuid,'4776a491-04e9-4b16-b4c1-f48cde7c93d9'::uuid),
	 ('da1bad00-463e-43a3-8b5a-7991e3a51b97'::uuid,'2024-11-26 12:39:17.866475+02','2024-11-26 12:39:17.866475+02','new','46abe2d1-f2dd-4a98-8452-1eb4c10224a7'::uuid,'Ticket description...','ba9a3806-f818-4d84-9bd8-cf03326f0206'::uuid,'a439d603-7b38-41f6-9ccd-096559659df0'::uuid),
	 ('40122cff-f251-4e3e-85a7-1b4d8a2372bf'::uuid,'2024-11-26 12:39:17.866475+02','2024-11-26 12:39:17.866475+02','new','46abe2d1-f2dd-4a98-8452-1eb4c10224a7'::uuid,'Ticket description...','ba9a3806-f818-4d84-9bd8-cf03326f0206'::uuid,NULL),
	 ('d6ff202a-c9ea-4f02-8428-86275b8bd3c8'::uuid,'2024-11-26 12:39:17.866475+02','2024-11-26 12:39:17.866475+02','new','46abe2d1-f2dd-4a98-8452-1eb4c10224a7'::uuid,'Ticket description...','ba9a3806-f818-4d84-9bd8-cf03326f0206'::uuid,NULL),
	 ('10321148-ce43-441f-bb5b-710e3e73e332'::uuid,'2024-11-26 12:39:17.866475+02','2024-11-26 12:39:17.866475+02','new','68ca128d-a95a-44ac-bf32-5c4549e3455c'::uuid,'Ticket description...','8d5efe54-6398-4f61-bb89-022e154207ed'::uuid,'a439d603-7b38-41f6-9ccd-096559659df0'::uuid),
	 ('ac507d5a-77a0-42c4-b9c2-c2c5b5f727de'::uuid,'2024-11-26 12:39:17.866475+02','2024-11-26 12:39:17.866475+02','new','68ca128d-a95a-44ac-bf32-5c4549e3455c'::uuid,'Ticket description...','8d5efe54-6398-4f61-bb89-022e154207ed'::uuid,'8bbd3e16-f942-4f37-9b30-d8c1de743f7a'::uuid),
	 ('777ad335-7e02-492f-b560-bb8ce8ea7a0c'::uuid,'2024-11-26 12:39:17.866475+02','2024-11-26 12:39:17.866475+02','new','68ca128d-a95a-44ac-bf32-5c4549e3455c'::uuid,'Ticket description...','8d5efe54-6398-4f61-bb89-022e154207ed'::uuid,'4776a491-04e9-4b16-b4c1-f48cde7c93d9'::uuid),
	 ('010324cc-1810-4a25-a5b7-1450ab99c96f'::uuid,'2024-11-26 12:39:17.866475+02','2024-11-26 12:39:17.866475+02','new','266a66f0-d4ef-4a8f-8701-896f4dbae7e6'::uuid,'Ticket description...','02e58538-0067-4646-9e84-5056bd9f895b'::uuid,'25e48a23-ac50-4549-9f81-16f2ebc885af'::uuid),
	 ('b2d6d51f-a04c-4d81-9112-08aee96c70fa'::uuid,'2024-11-26 12:39:17.866475+02','2024-11-26 12:39:17.866475+02','new','266a66f0-d4ef-4a8f-8701-896f4dbae7e6'::uuid,'Ticket description...','02e58538-0067-4646-9e84-5056bd9f895b'::uuid,'25ba5912-2e5f-458b-86fe-470b4b0b2935'::uuid),
	 ('0ef243eb-f037-4a06-8c76-f1ed0684e9f5'::uuid,'2024-11-26 12:39:17.866475+02','2024-11-26 12:39:17.866475+02','new','266a66f0-d4ef-4a8f-8701-896f4dbae7e6'::uuid,'Ticket description...','02e58538-0067-4646-9e84-5056bd9f895b'::uuid,'84164708-6cae-49ca-8a3b-045042b01abf'::uuid);
INSERT INTO public.tickets (id,created_at,updated_at,status,project_id,description,reporter_id,assignee_id) VALUES
	 ('91c0ecab-95de-4d8e-a40a-c7e3506f0eea'::uuid,'2024-11-26 12:39:17.866475+02','2024-11-26 12:39:17.866475+02','new','84b197de-5dd0-488b-bf27-cc0ea3ea2b86'::uuid,'Ticket description...','682ed634-30a8-49a8-8a0f-eb4f65eafefb'::uuid,'1d52e2fb-e153-4faa-a230-7efe407d11b2'::uuid),
	 ('2bc9f334-7da1-4623-9fa5-5b5f81ffdacb'::uuid,'2024-11-26 12:39:17.866475+02','2024-11-26 12:39:17.866475+02','new','84b197de-5dd0-488b-bf27-cc0ea3ea2b86'::uuid,'Ticket description...','682ed634-30a8-49a8-8a0f-eb4f65eafefb'::uuid,'a43ae8b5-fc54-4e4d-b175-022084486bf9'::uuid),
	 ('21272348-415d-4d6c-b968-3a0930c286eb'::uuid,'2024-11-26 12:39:17.866475+02','2024-11-26 12:39:17.866475+02','new','84b197de-5dd0-488b-bf27-cc0ea3ea2b86'::uuid,'Ticket description...','682ed634-30a8-49a8-8a0f-eb4f65eafefb'::uuid,'84164708-6cae-49ca-8a3b-045042b01abf'::uuid),
	 ('6cfc9c09-f090-400b-9449-c74828faba4d'::uuid,'2024-11-26 12:39:17.866475+02','2024-11-26 12:39:17.866475+02','new','96ddf58f-3be0-42d4-9604-71801cae0847'::uuid,'Ticket description...','a51d04e4-2a4a-4254-b6c8-7be3e9616352'::uuid,'1d52e2fb-e153-4faa-a230-7efe407d11b2'::uuid),
	 ('a15558cd-c788-4f69-ad1b-bf29513a3bcb'::uuid,'2024-11-26 12:39:17.866475+02','2024-11-26 12:39:17.866475+02','new','96ddf58f-3be0-42d4-9604-71801cae0847'::uuid,'Ticket description...','a51d04e4-2a4a-4254-b6c8-7be3e9616352'::uuid,'84164708-6cae-49ca-8a3b-045042b01abf'::uuid),
	 ('372ee4ba-cab4-4444-92f2-db9fa56fb766'::uuid,'2024-11-26 12:39:17.866475+02','2024-11-26 12:39:17.866475+02','new','96ddf58f-3be0-42d4-9604-71801cae0847'::uuid,'Ticket description...','a51d04e4-2a4a-4254-b6c8-7be3e9616352'::uuid,'a43ae8b5-fc54-4e4d-b175-022084486bf9'::uuid),
	 ('127e07f5-eb9f-405f-8005-3c91cf39aafd'::uuid,'2024-11-26 12:39:17.866475+02','2024-11-26 12:39:17.866475+02','new','96ddf58f-3be0-42d4-9604-71801cae0847'::uuid,'Ticket description...','a51d04e4-2a4a-4254-b6c8-7be3e9616352'::uuid,'84164708-6cae-49ca-8a3b-045042b01abf'::uuid),
	 ('765d9aa8-0e90-404b-a475-3f7c15390c60'::uuid,'2024-11-26 12:39:17.866475+02','2024-11-26 12:39:17.866475+02','new','c14f0b1b-1c36-4e76-8c6d-ea1116f8cccb'::uuid,'Ticket description...','79c03360-96bd-41ab-9193-23e8f2dfa852'::uuid,'4776a491-04e9-4b16-b4c1-f48cde7c93d9'::uuid),
	 ('2c3c7ef5-b8d2-4be7-8286-9817fa7fcace'::uuid,'2024-11-26 12:39:17.866475+02','2024-11-26 12:39:17.866475+02','new','c14f0b1b-1c36-4e76-8c6d-ea1116f8cccb'::uuid,'Ticket description...','79c03360-96bd-41ab-9193-23e8f2dfa852'::uuid,'84164708-6cae-49ca-8a3b-045042b01abf'::uuid),
	 ('7b803f5f-bf3f-4d46-82fb-e4ad1405ee8c'::uuid,'2024-11-26 12:39:17.866475+02','2024-11-26 12:39:17.866475+02','new','c14f0b1b-1c36-4e76-8c6d-ea1116f8cccb'::uuid,'Ticket description...','79c03360-96bd-41ab-9193-23e8f2dfa852'::uuid,'5dea3a57-9450-4234-be85-4868668a3e0f'::uuid);
INSERT INTO public.tickets (id,created_at,updated_at,status,project_id,description,reporter_id,assignee_id) VALUES
	 ('a90c99fe-4df0-4997-9335-53fd8c0c56f2'::uuid,'2024-11-26 12:39:17.866475+02','2024-11-26 12:39:17.866475+02','new','c14f0b1b-1c36-4e76-8c6d-ea1116f8cccb'::uuid,'Ticket description...','79c03360-96bd-41ab-9193-23e8f2dfa852'::uuid,'a439d603-7b38-41f6-9ccd-096559659df0'::uuid),
	 ('b1a7c6f6-b55b-43e4-8555-8c36527c687b'::uuid,'2024-11-26 12:39:17.866475+02','2024-11-26 12:39:17.866475+02','new','c14f0b1b-1c36-4e76-8c6d-ea1116f8cccb'::uuid,'Ticket description...','79c03360-96bd-41ab-9193-23e8f2dfa852'::uuid,NULL),
	 ('38b88a75-345f-46d9-833d-6b4cd53d4a69'::uuid,'2024-11-26 12:39:17.866475+02','2024-11-26 12:39:17.866475+02','new','20d2a150-9732-4733-af7c-323ffbf8b6e8'::uuid,'Ticket description...','dc0f41d6-21f7-45aa-a072-7cb4b2851204'::uuid,'4776a491-04e9-4b16-b4c1-f48cde7c93d9'::uuid),
	 ('bf96cc37-d361-4f7e-b6ae-3f50cd1863cc'::uuid,'2024-11-26 12:39:17.866475+02','2024-11-26 12:39:17.866475+02','new','20d2a150-9732-4733-af7c-323ffbf8b6e8'::uuid,'Ticket description...','dc0f41d6-21f7-45aa-a072-7cb4b2851204'::uuid,'489aff38-9913-4034-b5c5-b8405a75b249'::uuid),
	 ('c1010767-ef76-42f2-9ebb-544d74b4ccb0'::uuid,'2024-11-26 12:39:17.866475+02','2024-11-26 12:39:17.866475+02','new','20d2a150-9732-4733-af7c-323ffbf8b6e8'::uuid,'Ticket description...','dc0f41d6-21f7-45aa-a072-7cb4b2851204'::uuid,'5dea3a57-9450-4234-be85-4868668a3e0f'::uuid),
	 ('b4716fc8-7847-4279-bc6a-7a62c4e8ea14'::uuid,'2024-11-26 12:39:17.866475+02','2024-11-26 12:39:17.866475+02','new','20d2a150-9732-4733-af7c-323ffbf8b6e8'::uuid,'Ticket description...','dc0f41d6-21f7-45aa-a072-7cb4b2851204'::uuid,'8bbd3e16-f942-4f37-9b30-d8c1de743f7a'::uuid),
	 ('76224b25-b33d-4f8b-8da5-4c2a35d71adc'::uuid,'2024-11-26 12:39:17.866475+02','2024-11-26 12:39:17.866475+02','new','20d2a150-9732-4733-af7c-323ffbf8b6e8'::uuid,'Ticket description...','dc0f41d6-21f7-45aa-a072-7cb4b2851204'::uuid,NULL),
	 ('d33f5c10-4e6b-4249-80ca-7f7ab3c7facf'::uuid,'2024-11-26 12:39:17.866475+02','2024-11-26 12:39:17.866475+02','new','20d2a150-9732-4733-af7c-323ffbf8b6e8'::uuid,'Ticket description...','dc0f41d6-21f7-45aa-a072-7cb4b2851204'::uuid,NULL),
	 ('3dd04744-67ca-4260-9c16-aeb51c3d58a6'::uuid,'2024-11-26 12:39:17.866475+02','2024-11-26 12:39:17.866475+02','new','0c027bc5-1461-47c9-a006-6d0171546eef'::uuid,'Ticket description...','12903f54-fb0e-48c8-b991-916796f3a125'::uuid,'25ba5912-2e5f-458b-86fe-470b4b0b2935'::uuid),
	 ('8816bee9-3314-4a31-9a36-930943cdbc8b'::uuid,'2024-11-26 12:39:17.866475+02','2024-11-26 12:39:17.866475+02','new','0c027bc5-1461-47c9-a006-6d0171546eef'::uuid,'Ticket description...','12903f54-fb0e-48c8-b991-916796f3a125'::uuid,'84164708-6cae-49ca-8a3b-045042b01abf'::uuid);
INSERT INTO public.tickets (id,created_at,updated_at,status,project_id,description,reporter_id,assignee_id) VALUES
	 ('e49d771a-4eee-4975-bce8-cc748ccbe7b3'::uuid,'2024-11-26 12:39:17.866475+02','2024-11-26 12:39:17.866475+02','new','0c027bc5-1461-47c9-a006-6d0171546eef'::uuid,'Ticket description...','12903f54-fb0e-48c8-b991-916796f3a125'::uuid,'4776a491-04e9-4b16-b4c1-f48cde7c93d9'::uuid),
	 ('bcc0d0ea-167a-4811-8216-b9bfc42aff82'::uuid,'2024-11-26 12:39:17.866475+02','2024-11-26 12:39:17.866475+02','new','d20e2744-ec2c-4062-ae02-1bbdb1643574'::uuid,'Ticket description...','c8e63091-3e3f-4a68-b6fe-c47759bf25af'::uuid,'1d52e2fb-e153-4faa-a230-7efe407d11b2'::uuid),
	 ('d96b6420-55ac-4b51-b5a9-f461b8ebb4c5'::uuid,'2024-11-26 12:39:17.866475+02','2024-11-26 12:39:17.866475+02','new','d20e2744-ec2c-4062-ae02-1bbdb1643574'::uuid,'Ticket description...','c8e63091-3e3f-4a68-b6fe-c47759bf25af'::uuid,'25ba5912-2e5f-458b-86fe-470b4b0b2935'::uuid),
	 ('bacee48b-e6d3-46e7-ab4d-ec27a49396c8'::uuid,'2024-11-26 12:39:17.866475+02','2024-11-26 12:39:17.866475+02','new','d20e2744-ec2c-4062-ae02-1bbdb1643574'::uuid,'Ticket description...','c8e63091-3e3f-4a68-b6fe-c47759bf25af'::uuid,'4776a491-04e9-4b16-b4c1-f48cde7c93d9'::uuid),
	 ('538e4bdc-4d00-47b4-a5d0-e659890d87b3'::uuid,'2024-11-26 12:39:17.866475+02','2024-11-26 12:39:17.866475+02','new','d20e2744-ec2c-4062-ae02-1bbdb1643574'::uuid,'Ticket description...','c8e63091-3e3f-4a68-b6fe-c47759bf25af'::uuid,'3a243608-b873-4137-9a60-a4db1f96d856'::uuid),
	 ('cab90040-4454-4487-a681-f09584666a40'::uuid,'2024-11-26 12:39:17.866475+02','2024-11-26 12:39:17.866475+02','new','d20e2744-ec2c-4062-ae02-1bbdb1643574'::uuid,'Ticket description...','c8e63091-3e3f-4a68-b6fe-c47759bf25af'::uuid,NULL),
	 ('a67506e1-cfdf-4917-9a65-e3b68b9b6acf'::uuid,'2024-11-26 12:39:17.866475+02','2024-11-26 12:39:17.866475+02','new','d20e2744-ec2c-4062-ae02-1bbdb1643574'::uuid,'Ticket description...','c8e63091-3e3f-4a68-b6fe-c47759bf25af'::uuid,NULL),
	 ('fa4a17dc-a0ed-494c-ba85-09bdba4c3599'::uuid,'2024-11-26 12:39:17.866475+02','2024-11-26 12:39:17.866475+02','new','b8dd301b-95be-4695-ada7-f8c527c1e37b'::uuid,'Ticket description...','12903f54-fb0e-48c8-b991-916796f3a125'::uuid,'aa22ac40-5ffc-4ea9-994d-13425a669ba3'::uuid),
	 ('0ef8a8a5-3257-476e-af45-ed4c23c4dc51'::uuid,'2024-11-26 12:39:17.866475+02','2024-11-26 12:39:17.866475+02','new','b8dd301b-95be-4695-ada7-f8c527c1e37b'::uuid,'Ticket description...','12903f54-fb0e-48c8-b991-916796f3a125'::uuid,'8bbd3e16-f942-4f37-9b30-d8c1de743f7a'::uuid),
	 ('12ccce76-300c-4daf-9d2f-6ca43524bc53'::uuid,'2024-11-26 12:39:17.866475+02','2024-11-26 12:39:17.866475+02','new','3455534e-c561-4f3c-94cf-694a821bb709'::uuid,'Ticket description...','c8e63091-3e3f-4a68-b6fe-c47759bf25af'::uuid,'834b7370-5b3d-4db3-9032-c91a7f23d22f'::uuid);
INSERT INTO public.tickets (id,created_at,updated_at,status,project_id,description,reporter_id,assignee_id) VALUES
	 ('a9d51fc3-24a7-4041-a6b4-7840166a1816'::uuid,'2024-11-26 12:39:17.866475+02','2024-11-26 12:39:17.866475+02','new','3455534e-c561-4f3c-94cf-694a821bb709'::uuid,'Ticket description...','c8e63091-3e3f-4a68-b6fe-c47759bf25af'::uuid,'25ba5912-2e5f-458b-86fe-470b4b0b2935'::uuid),
	 ('9ae58232-d14e-4fc0-98e1-d5074df14634'::uuid,'2024-11-26 12:39:17.866475+02','2024-11-26 12:39:17.866475+02','new','3455534e-c561-4f3c-94cf-694a821bb709'::uuid,'Ticket description...','c8e63091-3e3f-4a68-b6fe-c47759bf25af'::uuid,'a439d603-7b38-41f6-9ccd-096559659df0'::uuid),
	 ('63fc49ae-ae15-49af-9c74-87d4d6e15680'::uuid,'2024-11-26 12:39:17.866475+02','2024-11-26 12:39:17.866475+02','new','3455534e-c561-4f3c-94cf-694a821bb709'::uuid,'Ticket description...','c8e63091-3e3f-4a68-b6fe-c47759bf25af'::uuid,'84164708-6cae-49ca-8a3b-045042b01abf'::uuid),
	 ('38bc9c63-aca3-42f6-87cd-f346a87001e8'::uuid,'2024-11-26 12:39:17.866475+02','2024-11-26 12:39:17.866475+02','new','3455534e-c561-4f3c-94cf-694a821bb709'::uuid,'Ticket description...','c8e63091-3e3f-4a68-b6fe-c47759bf25af'::uuid,NULL),
	 ('f9d11727-e109-44c1-8bce-f23abc46fb52'::uuid,'2024-11-26 12:39:17.866475+02','2024-11-26 12:39:17.866475+02','new','af7c7416-df8c-4ef4-b820-6c8b1a7cbf32'::uuid,'Ticket description...','22f283c4-b69e-4942-9137-84f49a2133ca'::uuid,'1d52e2fb-e153-4faa-a230-7efe407d11b2'::uuid),
	 ('8e362193-0750-4523-a816-c2d3c9d53d8c'::uuid,'2024-11-26 12:39:17.866475+02','2024-11-26 12:39:17.866475+02','new','af7c7416-df8c-4ef4-b820-6c8b1a7cbf32'::uuid,'Ticket description...','22f283c4-b69e-4942-9137-84f49a2133ca'::uuid,'84164708-6cae-49ca-8a3b-045042b01abf'::uuid),
	 ('6b6d6cb5-eb64-4fc7-b597-348901c8d7b1'::uuid,'2024-11-26 12:39:17.866475+02','2024-11-26 12:39:17.866475+02','new','af7c7416-df8c-4ef4-b820-6c8b1a7cbf32'::uuid,'Ticket description...','22f283c4-b69e-4942-9137-84f49a2133ca'::uuid,'a439d603-7b38-41f6-9ccd-096559659df0'::uuid),
	 ('c4a5a6b8-f88c-4a22-b574-721d8be14d3f'::uuid,'2024-11-26 12:39:17.866475+02','2024-11-26 12:39:17.866475+02','new','13fcc365-dc71-4785-9125-288116305ef1'::uuid,'Ticket description...','c8e63091-3e3f-4a68-b6fe-c47759bf25af'::uuid,'834b7370-5b3d-4db3-9032-c91a7f23d22f'::uuid),
	 ('8862540f-463d-48ef-9328-e86504da3474'::uuid,'2024-11-26 12:39:17.866475+02','2024-11-26 12:39:17.866475+02','new','13fcc365-dc71-4785-9125-288116305ef1'::uuid,'Ticket description...','c8e63091-3e3f-4a68-b6fe-c47759bf25af'::uuid,'4776a491-04e9-4b16-b4c1-f48cde7c93d9'::uuid),
	 ('9c631e06-bf5d-4733-9c15-f4902a42f36a'::uuid,'2024-11-26 12:39:17.866475+02','2024-11-26 12:39:17.866475+02','new','13fcc365-dc71-4785-9125-288116305ef1'::uuid,'Ticket description...','c8e63091-3e3f-4a68-b6fe-c47759bf25af'::uuid,'5dea3a57-9450-4234-be85-4868668a3e0f'::uuid);
INSERT INTO public.tickets (id,created_at,updated_at,status,project_id,description,reporter_id,assignee_id) VALUES
	 ('ec7298d4-4fd4-4e29-9f15-6aa177c880ff'::uuid,'2024-11-26 12:39:17.866475+02','2024-11-26 12:39:17.866475+02','new','78ba3fff-60b5-45d8-bb99-d1310a4320b5'::uuid,'Ticket description...','682ed634-30a8-49a8-8a0f-eb4f65eafefb'::uuid,'489aff38-9913-4034-b5c5-b8405a75b249'::uuid),
	 ('135015c0-9b40-4bfa-a318-5f9135fda229'::uuid,'2024-11-26 12:39:17.866475+02','2024-11-26 12:39:17.866475+02','new','78ba3fff-60b5-45d8-bb99-d1310a4320b5'::uuid,'Ticket description...','682ed634-30a8-49a8-8a0f-eb4f65eafefb'::uuid,'489aff38-9913-4034-b5c5-b8405a75b249'::uuid),
	 ('9dec7f25-466e-422b-a827-94963507035c'::uuid,'2024-11-26 12:39:17.866475+02','2024-11-26 12:39:17.866475+02','new','78ba3fff-60b5-45d8-bb99-d1310a4320b5'::uuid,'Ticket description...','682ed634-30a8-49a8-8a0f-eb4f65eafefb'::uuid,'489aff38-9913-4034-b5c5-b8405a75b249'::uuid),
	 ('dcf6fcc6-c79a-437b-91a0-2d9cdafbd0bc'::uuid,'2024-11-26 12:39:17.866475+02','2024-11-26 12:39:17.866475+02','new','78ba3fff-60b5-45d8-bb99-d1310a4320b5'::uuid,'Ticket description...','682ed634-30a8-49a8-8a0f-eb4f65eafefb'::uuid,'3a243608-b873-4137-9a60-a4db1f96d856'::uuid),
	 ('b38170c2-c1e3-469b-8dd0-3cbf6d897651'::uuid,'2024-11-26 12:39:17.866475+02','2024-11-26 12:39:17.866475+02','new','78ba3fff-60b5-45d8-bb99-d1310a4320b5'::uuid,'Ticket description...','682ed634-30a8-49a8-8a0f-eb4f65eafefb'::uuid,NULL),
	 ('d8108f9d-e96c-45fa-8d74-a1c8c8ec08ed'::uuid,'2024-11-26 12:39:17.866475+02','2024-11-26 12:39:17.866475+02','new','50a299a1-1787-479e-9973-17c9be951822'::uuid,'Ticket description...','682ed634-30a8-49a8-8a0f-eb4f65eafefb'::uuid,'489aff38-9913-4034-b5c5-b8405a75b249'::uuid),
	 ('7bd9fc98-6be3-47cc-8670-4c9499d958a6'::uuid,'2024-11-26 12:39:17.866475+02','2024-11-26 12:39:17.866475+02','new','50a299a1-1787-479e-9973-17c9be951822'::uuid,'Ticket description...','682ed634-30a8-49a8-8a0f-eb4f65eafefb'::uuid,'84164708-6cae-49ca-8a3b-045042b01abf'::uuid),
	 ('346923b6-cacf-478e-af16-75b9db58b462'::uuid,'2024-11-26 12:39:17.866475+02','2024-11-26 12:39:17.866475+02','new','50a299a1-1787-479e-9973-17c9be951822'::uuid,'Ticket description...','682ed634-30a8-49a8-8a0f-eb4f65eafefb'::uuid,'834b7370-5b3d-4db3-9032-c91a7f23d22f'::uuid),
	 ('5eaf8a3f-5049-4fc0-9773-7cbdbc54d32f'::uuid,'2024-11-26 12:39:17.866475+02','2024-11-26 12:39:17.866475+02','new','83de224e-9b56-44eb-bdb3-0887c0264fbf'::uuid,'Ticket description...','79c03360-96bd-41ab-9193-23e8f2dfa852'::uuid,'25ba5912-2e5f-458b-86fe-470b4b0b2935'::uuid),
	 ('c336a89b-c5a8-4e2e-94ae-7feb91cd8f15'::uuid,'2024-11-26 12:39:17.866475+02','2024-11-26 12:39:17.866475+02','new','83de224e-9b56-44eb-bdb3-0887c0264fbf'::uuid,'Ticket description...','79c03360-96bd-41ab-9193-23e8f2dfa852'::uuid,'84164708-6cae-49ca-8a3b-045042b01abf'::uuid);
INSERT INTO public.tickets (id,created_at,updated_at,status,project_id,description,reporter_id,assignee_id) VALUES
	 ('4295cba6-24eb-4a1b-96d5-d8e718db989a'::uuid,'2024-11-26 12:39:17.866475+02','2024-11-26 12:39:17.866475+02','new','83de224e-9b56-44eb-bdb3-0887c0264fbf'::uuid,'Ticket description...','79c03360-96bd-41ab-9193-23e8f2dfa852'::uuid,'aa22ac40-5ffc-4ea9-994d-13425a669ba3'::uuid),
	 ('053a61f1-95a7-4e29-93b8-e36fbf530ea1'::uuid,'2024-11-26 12:39:17.866475+02','2024-11-26 12:39:17.866475+02','new','ae88bada-476d-4132-841b-3b1a0f9fc138'::uuid,'Ticket description...','83f84fee-1cbb-4ce1-b923-dc9a3afa2aae'::uuid,'25e48a23-ac50-4549-9f81-16f2ebc885af'::uuid),
	 ('0d842742-ad5e-41d4-8e92-0840ff95c4da'::uuid,'2024-11-26 12:39:17.866475+02','2024-11-26 12:39:17.866475+02','new','5f7878a0-85b9-440b-886f-73f79542fe35'::uuid,'Ticket description...','83f84fee-1cbb-4ce1-b923-dc9a3afa2aae'::uuid,'25ba5912-2e5f-458b-86fe-470b4b0b2935'::uuid),
	 ('e408237f-d468-400d-97db-3785c5115281'::uuid,'2024-11-26 12:39:17.866475+02','2024-11-26 12:39:17.866475+02','new','7178dfbf-7a4f-4bbd-b5cc-12f37e4822b2'::uuid,'Ticket description...','22f283c4-b69e-4942-9137-84f49a2133ca'::uuid,'3a243608-b873-4137-9a60-a4db1f96d856'::uuid),
	 ('b1669659-fc6d-4afd-89ce-7d906a6054bd'::uuid,'2024-11-26 12:39:17.866475+02','2024-11-26 12:39:17.866475+02','new','7178dfbf-7a4f-4bbd-b5cc-12f37e4822b2'::uuid,'Ticket description...','22f283c4-b69e-4942-9137-84f49a2133ca'::uuid,'1d52e2fb-e153-4faa-a230-7efe407d11b2'::uuid),
	 ('03d8a417-f918-409a-a488-271606b34034'::uuid,'2024-11-26 12:39:17.866475+02','2024-11-26 12:39:17.866475+02','new','846c28c2-174b-4d3f-a14a-b9a1b9b69881'::uuid,'Ticket description...','a51d04e4-2a4a-4254-b6c8-7be3e9616352'::uuid,'aa22ac40-5ffc-4ea9-994d-13425a669ba3'::uuid),
	 ('93b46722-fb35-4607-ba31-e78946223673'::uuid,'2024-11-26 12:39:17.866475+02','2024-11-26 12:39:17.866475+02','new','846c28c2-174b-4d3f-a14a-b9a1b9b69881'::uuid,'Ticket description...','a51d04e4-2a4a-4254-b6c8-7be3e9616352'::uuid,'834b7370-5b3d-4db3-9032-c91a7f23d22f'::uuid),
	 ('4fa02d5d-418e-40d2-aeaf-da88041839b2'::uuid,'2024-11-26 12:39:17.866475+02','2024-11-26 12:39:17.866475+02','new','846c28c2-174b-4d3f-a14a-b9a1b9b69881'::uuid,'Ticket description...','a51d04e4-2a4a-4254-b6c8-7be3e9616352'::uuid,'25e48a23-ac50-4549-9f81-16f2ebc885af'::uuid),
	 ('fe8bd149-43ed-4651-ac87-157c57deac5d'::uuid,'2024-11-26 12:39:17.866475+02','2024-11-26 12:39:17.866475+02','new','846c28c2-174b-4d3f-a14a-b9a1b9b69881'::uuid,'Ticket description...','a51d04e4-2a4a-4254-b6c8-7be3e9616352'::uuid,'834b7370-5b3d-4db3-9032-c91a7f23d22f'::uuid),
	 ('b507050c-66b1-4745-ab90-4975b7eaeffd'::uuid,'2024-11-26 12:39:17.866475+02','2024-11-26 12:39:17.866475+02','new','846c28c2-174b-4d3f-a14a-b9a1b9b69881'::uuid,'Ticket description...','a51d04e4-2a4a-4254-b6c8-7be3e9616352'::uuid,NULL);
INSERT INTO public.tickets (id,created_at,updated_at,status,project_id,description,reporter_id,assignee_id) VALUES
	 ('b3e2bafe-34c1-4b74-ab46-f8c726be2238'::uuid,'2024-11-26 12:39:17.866475+02','2024-11-26 12:39:17.866475+02','new','846c28c2-174b-4d3f-a14a-b9a1b9b69881'::uuid,'Ticket description...','a51d04e4-2a4a-4254-b6c8-7be3e9616352'::uuid,NULL),
	 ('d3e18cb5-8e07-400e-89aa-a6277bc0cd77'::uuid,'2024-11-26 12:39:17.866475+02','2024-11-26 12:39:17.866475+02','new','69046af6-b807-4f85-9cd0-878aeaa10009'::uuid,'Ticket description...','9e0fc85f-e987-4a2e-a632-78bd9ee6c49e'::uuid,'4776a491-04e9-4b16-b4c1-f48cde7c93d9'::uuid),
	 ('eacd39a3-28ef-4ad8-9753-b96587f6e9c5'::uuid,'2024-11-26 12:39:17.866475+02','2024-11-26 12:39:17.866475+02','new','69046af6-b807-4f85-9cd0-878aeaa10009'::uuid,'Ticket description...','9e0fc85f-e987-4a2e-a632-78bd9ee6c49e'::uuid,'834b7370-5b3d-4db3-9032-c91a7f23d22f'::uuid),
	 ('73909206-c09e-4306-a545-3aea5b851898'::uuid,'2024-11-26 12:39:17.866475+02','2024-11-26 12:39:17.866475+02','new','69046af6-b807-4f85-9cd0-878aeaa10009'::uuid,'Ticket description...','9e0fc85f-e987-4a2e-a632-78bd9ee6c49e'::uuid,'4776a491-04e9-4b16-b4c1-f48cde7c93d9'::uuid),
	 ('de84f132-ab56-4836-a6c9-7529272be84d'::uuid,'2024-11-26 12:39:17.866475+02','2024-11-26 12:39:17.866475+02','new','69046af6-b807-4f85-9cd0-878aeaa10009'::uuid,'Ticket description...','9e0fc85f-e987-4a2e-a632-78bd9ee6c49e'::uuid,'84164708-6cae-49ca-8a3b-045042b01abf'::uuid),
	 ('8584bdf6-e5f7-4b79-a7e2-fb30a4939f7e'::uuid,'2024-11-26 12:39:17.866475+02','2024-11-26 12:39:17.866475+02','new','6dfad6cd-8f97-4ee4-8a41-950af75a48a3'::uuid,'Ticket description...','8d5efe54-6398-4f61-bb89-022e154207ed'::uuid,'25ba5912-2e5f-458b-86fe-470b4b0b2935'::uuid),
	 ('26d36b5d-1c16-4340-b915-590ea82575d2'::uuid,'2024-11-26 12:39:17.866475+02','2024-11-26 12:39:17.866475+02','new','4b4fda88-cf1f-4038-982a-9ad3eb5f3f7c'::uuid,'Ticket description...','dbebad9b-2c2e-4134-81da-4ce50af2edfc'::uuid,'25ba5912-2e5f-458b-86fe-470b4b0b2935'::uuid);

-- TICKET LOGS
INSERT INTO public.ticket_logs (id,created_at,updated_at,deleted,ticket_id,user_id,description) VALUES
	 ('d71bba90-92d2-4c1c-91a7-0c1c8d9a6aff'::uuid,'2024-11-26 12:39:17.866475+02','2024-11-26 12:39:17.866475+02',false,'5fdd1ddd-321d-49c6-a680-502d01ef14a1'::uuid,'ba9a3806-f818-4d84-9bd8-cf03326f0206'::uuid,'Additional notes from reporter...'),
	 ('b686c59c-f7e0-4658-a2ec-15116664a8aa'::uuid,'2024-11-26 12:39:17.866475+02','2024-11-26 12:39:17.866475+02',false,'5fdd1ddd-321d-49c6-a680-502d01ef14a1'::uuid,'8bbd3e16-f942-4f37-9b30-d8c1de743f7a'::uuid,'Job description 1 ....'),
	 ('2d1fedd0-ce2e-49ec-8aac-5a15dd3d91fc'::uuid,'2024-11-26 12:39:17.866475+02','2024-11-26 12:39:17.866475+02',false,'5fdd1ddd-321d-49c6-a680-502d01ef14a1'::uuid,'8bbd3e16-f942-4f37-9b30-d8c1de743f7a'::uuid,'Job description 2 ....'),
	 ('312a0651-4d2d-4066-973e-d835ff55030d'::uuid,'2024-11-26 12:39:17.866475+02','2024-11-26 12:39:17.866475+02',false,'5fdd1ddd-321d-49c6-a680-502d01ef14a1'::uuid,'8bbd3e16-f942-4f37-9b30-d8c1de743f7a'::uuid,'Job description 3 ....'),
	 ('0ef67161-c73e-4f22-b164-126a3c459bde'::uuid,'2024-11-26 12:39:17.866475+02','2024-11-26 12:39:17.866475+02',false,'5fdd1ddd-321d-49c6-a680-502d01ef14a1'::uuid,'8bbd3e16-f942-4f37-9b30-d8c1de743f7a'::uuid,'Job description 4 ....'),
	 ('bf783025-ff7f-4d9a-9731-1ee341578c66'::uuid,'2024-11-26 12:39:17.866475+02','2024-11-26 12:39:17.866475+02',false,'5fdd1ddd-321d-49c6-a680-502d01ef14a1'::uuid,'8bbd3e16-f942-4f37-9b30-d8c1de743f7a'::uuid,'Job description 5 ....'),
	 ('5bdbbebb-c433-4f5c-8d03-4ec76185de63'::uuid,'2024-11-26 12:39:17.866475+02','2024-11-26 12:39:17.866475+02',false,'eaa5c04f-3aa0-4d45-980d-a74043f6d962'::uuid,'ba9a3806-f818-4d84-9bd8-cf03326f0206'::uuid,'Additional notes from reporter...'),
	 ('a709fab5-31d7-4907-b22d-08e0e0fb36dd'::uuid,'2024-11-26 12:39:17.866475+02','2024-11-26 12:39:17.866475+02',false,'eaa5c04f-3aa0-4d45-980d-a74043f6d962'::uuid,'a439d603-7b38-41f6-9ccd-096559659df0'::uuid,'Job description 1 ....'),
	 ('2af17f7f-4f36-46a5-84a2-6aae52c5d205'::uuid,'2024-11-26 12:39:17.866475+02','2024-11-26 12:39:17.866475+02',false,'eaa5c04f-3aa0-4d45-980d-a74043f6d962'::uuid,'a439d603-7b38-41f6-9ccd-096559659df0'::uuid,'Job description 2 ....'),
	 ('1f8220c1-2348-43c9-9dce-34ad95061fe2'::uuid,'2024-11-26 12:39:17.866475+02','2024-11-26 12:39:17.866475+02',false,'eaa5c04f-3aa0-4d45-980d-a74043f6d962'::uuid,'a439d603-7b38-41f6-9ccd-096559659df0'::uuid,'Job description 3 ....');
INSERT INTO public.ticket_logs (id,created_at,updated_at,deleted,ticket_id,user_id,description) VALUES
	 ('863bb2fe-56e7-4745-8b8f-7a01c7b0bdca'::uuid,'2024-11-26 12:39:17.866475+02','2024-11-26 12:39:17.866475+02',false,'eaa5c04f-3aa0-4d45-980d-a74043f6d962'::uuid,'a439d603-7b38-41f6-9ccd-096559659df0'::uuid,'Job description 4 ....'),
	 ('700703ea-948b-4a68-9c32-a0ba640b0ff9'::uuid,'2024-11-26 12:39:17.866475+02','2024-11-26 12:39:17.866475+02',false,'ecbebebb-38ae-4906-b033-ca03322c2174'::uuid,'25e48a23-ac50-4549-9f81-16f2ebc885af'::uuid,'Job description 1 ....'),
	 ('54b4e11b-a27b-4c5a-9933-305371ce9ac0'::uuid,'2024-11-26 12:39:17.866475+02','2024-11-26 12:39:17.866475+02',false,'ecbebebb-38ae-4906-b033-ca03322c2174'::uuid,'25e48a23-ac50-4549-9f81-16f2ebc885af'::uuid,'Job description 2 ....'),
	 ('b354acf3-246a-44b3-8450-f4d7dfa91f6d'::uuid,'2024-11-26 12:39:17.866475+02','2024-11-26 12:39:17.866475+02',false,'ecbebebb-38ae-4906-b033-ca03322c2174'::uuid,'25e48a23-ac50-4549-9f81-16f2ebc885af'::uuid,'Job description 3 ....'),
	 ('f1721867-d41a-403d-8da8-2be8063fad40'::uuid,'2024-11-26 12:39:17.866475+02','2024-11-26 12:39:17.866475+02',false,'ecbebebb-38ae-4906-b033-ca03322c2174'::uuid,'25e48a23-ac50-4549-9f81-16f2ebc885af'::uuid,'Job description 4 ....'),
	 ('eb5439b2-e414-420a-b815-d3ced072d7c3'::uuid,'2024-11-26 12:39:17.866475+02','2024-11-26 12:39:17.866475+02',false,'ecbebebb-38ae-4906-b033-ca03322c2174'::uuid,'25e48a23-ac50-4549-9f81-16f2ebc885af'::uuid,'Job description 5 ....'),
	 ('db858faa-50fc-46d0-a609-2414dc6875a5'::uuid,'2024-11-26 12:39:17.866475+02','2024-11-26 12:39:17.866475+02',false,'d5be324f-b568-4762-8152-138b6b08f0f6'::uuid,'ba9a3806-f818-4d84-9bd8-cf03326f0206'::uuid,'Additional notes from reporter...'),
	 ('830b6303-f118-4cab-861e-1e60c1fba350'::uuid,'2024-11-26 12:39:17.866475+02','2024-11-26 12:39:17.866475+02',false,'d5be324f-b568-4762-8152-138b6b08f0f6'::uuid,'4776a491-04e9-4b16-b4c1-f48cde7c93d9'::uuid,'Job description 1 ....'),
	 ('f15a5874-ff96-4edb-a1e2-f15d82b8d77e'::uuid,'2024-11-26 12:39:17.866475+02','2024-11-26 12:39:17.866475+02',false,'d5be324f-b568-4762-8152-138b6b08f0f6'::uuid,'4776a491-04e9-4b16-b4c1-f48cde7c93d9'::uuid,'Job description 2 ....'),
	 ('ad45a144-7124-470d-9166-4a1dc78ee595'::uuid,'2024-11-26 12:39:17.866475+02','2024-11-26 12:39:17.866475+02',false,'d5be324f-b568-4762-8152-138b6b08f0f6'::uuid,'4776a491-04e9-4b16-b4c1-f48cde7c93d9'::uuid,'Job description 3 ....');
INSERT INTO public.ticket_logs (id,created_at,updated_at,deleted,ticket_id,user_id,description) VALUES
	 ('f0b90a1c-28b3-4e3f-8451-795ef1af3e46'::uuid,'2024-11-26 12:39:17.866475+02','2024-11-26 12:39:17.866475+02',false,'a72aa4f4-0751-4927-a051-2abac9387b43'::uuid,'3a243608-b873-4137-9a60-a4db1f96d856'::uuid,'Job description 1 ....'),
	 ('f9628640-166e-433a-addb-1da7ff3e44ff'::uuid,'2024-11-26 12:39:17.866475+02','2024-11-26 12:39:17.866475+02',false,'a72aa4f4-0751-4927-a051-2abac9387b43'::uuid,'3a243608-b873-4137-9a60-a4db1f96d856'::uuid,'Job description 2 ....'),
	 ('2540387d-2cf4-4973-9368-e5ad077b9115'::uuid,'2024-11-26 12:39:17.866475+02','2024-11-26 12:39:17.866475+02',false,'4130e8d6-80c0-4693-b8fc-d1ae85ebbed1'::uuid,'79827caf-0368-4e85-aff9-9a632c0f59dc'::uuid,'Additional notes from reporter...'),
	 ('75ffe43e-568d-4a5f-ae5b-e57c7e53ab2e'::uuid,'2024-11-26 12:39:17.866475+02','2024-11-26 12:39:17.866475+02',false,'4130e8d6-80c0-4693-b8fc-d1ae85ebbed1'::uuid,'a43ae8b5-fc54-4e4d-b175-022084486bf9'::uuid,'Job description 1 ....'),
	 ('50caa342-4a2c-44be-9e96-3e73c48b3ee3'::uuid,'2024-11-26 12:39:17.866475+02','2024-11-26 12:39:17.866475+02',false,'4130e8d6-80c0-4693-b8fc-d1ae85ebbed1'::uuid,'a43ae8b5-fc54-4e4d-b175-022084486bf9'::uuid,'Job description 2 ....'),
	 ('316af87a-83c5-4bd7-af2a-2858cc34d6d6'::uuid,'2024-11-26 12:39:17.866475+02','2024-11-26 12:39:17.866475+02',false,'4130e8d6-80c0-4693-b8fc-d1ae85ebbed1'::uuid,'a43ae8b5-fc54-4e4d-b175-022084486bf9'::uuid,'Job description 3 ....'),
	 ('dc82e206-ac5a-476f-aa07-63c6e1f64c67'::uuid,'2024-11-26 12:39:17.866475+02','2024-11-26 12:39:17.866475+02',false,'4130e8d6-80c0-4693-b8fc-d1ae85ebbed1'::uuid,'a43ae8b5-fc54-4e4d-b175-022084486bf9'::uuid,'Job description 4 ....'),
	 ('e3c01f52-47fc-4354-97d2-fb88d2a7528f'::uuid,'2024-11-26 12:39:17.866475+02','2024-11-26 12:39:17.866475+02',false,'4130e8d6-80c0-4693-b8fc-d1ae85ebbed1'::uuid,'a43ae8b5-fc54-4e4d-b175-022084486bf9'::uuid,'Job description 5 ....'),
	 ('3ca1c880-c814-4941-889e-04a4d8143cc9'::uuid,'2024-11-26 12:39:17.866475+02','2024-11-26 12:39:17.866475+02',false,'4130e8d6-80c0-4693-b8fc-d1ae85ebbed1'::uuid,'a43ae8b5-fc54-4e4d-b175-022084486bf9'::uuid,'Job description 6 ....'),
	 ('45374591-e4e3-4424-87f5-a30e12ed35d0'::uuid,'2024-11-26 12:39:17.866475+02','2024-11-26 12:39:17.866475+02',false,'4130e8d6-80c0-4693-b8fc-d1ae85ebbed1'::uuid,'a43ae8b5-fc54-4e4d-b175-022084486bf9'::uuid,'Job description 7 ....');
INSERT INTO public.ticket_logs (id,created_at,updated_at,deleted,ticket_id,user_id,description) VALUES
	 ('4f818b2e-2538-47ec-8086-cb168c278f8c'::uuid,'2024-11-26 12:39:17.866475+02','2024-11-26 12:39:17.866475+02',false,'ae6c3002-9b5d-45dc-82fd-cb368dbb3cc5'::uuid,'a439d603-7b38-41f6-9ccd-096559659df0'::uuid,'Job description 1 ....'),
	 ('045c0100-4fc6-46c3-93bb-78e640bd71b5'::uuid,'2024-11-26 12:39:17.866475+02','2024-11-26 12:39:17.866475+02',false,'ae6c3002-9b5d-45dc-82fd-cb368dbb3cc5'::uuid,'a439d603-7b38-41f6-9ccd-096559659df0'::uuid,'Job description 2 ....'),
	 ('293c024f-ecec-4095-9cec-b2f97c606a58'::uuid,'2024-11-26 12:39:17.866475+02','2024-11-26 12:39:17.866475+02',false,'ae6c3002-9b5d-45dc-82fd-cb368dbb3cc5'::uuid,'a439d603-7b38-41f6-9ccd-096559659df0'::uuid,'Job description 3 ....'),
	 ('dd52284a-8959-46b4-bade-40b6f9a8a90d'::uuid,'2024-11-26 12:39:17.866475+02','2024-11-26 12:39:17.866475+02',false,'ae6c3002-9b5d-45dc-82fd-cb368dbb3cc5'::uuid,'a439d603-7b38-41f6-9ccd-096559659df0'::uuid,'Job description 4 ....'),
	 ('2c6affdb-4d11-4abe-862d-6e6ae25e7601'::uuid,'2024-11-26 12:39:17.866475+02','2024-11-26 12:39:17.866475+02',false,'ae6c3002-9b5d-45dc-82fd-cb368dbb3cc5'::uuid,'a439d603-7b38-41f6-9ccd-096559659df0'::uuid,'Job description 5 ....'),
	 ('1643027d-0acf-436f-9129-47c796c61d17'::uuid,'2024-11-26 12:39:17.866475+02','2024-11-26 12:39:17.866475+02',false,'7275d2ba-3252-4e5b-80f5-372934e2dc40'::uuid,'5dea3a57-9450-4234-be85-4868668a3e0f'::uuid,'Job description 1 ....'),
	 ('0cd83573-c4ee-4b88-8516-aee585b8b7c2'::uuid,'2024-11-26 12:39:17.866475+02','2024-11-26 12:39:17.866475+02',false,'7275d2ba-3252-4e5b-80f5-372934e2dc40'::uuid,'5dea3a57-9450-4234-be85-4868668a3e0f'::uuid,'Job description 2 ....'),
	 ('f02a74b5-e7a0-4f06-aaed-7a80b8cc4f3a'::uuid,'2024-11-26 12:39:17.866475+02','2024-11-26 12:39:17.866475+02',false,'7275d2ba-3252-4e5b-80f5-372934e2dc40'::uuid,'5dea3a57-9450-4234-be85-4868668a3e0f'::uuid,'Job description 3 ....'),
	 ('a49be37e-ad39-458a-8e5e-5670e3477c79'::uuid,'2024-11-26 12:39:17.866475+02','2024-11-26 12:39:17.866475+02',false,'7275d2ba-3252-4e5b-80f5-372934e2dc40'::uuid,'5dea3a57-9450-4234-be85-4868668a3e0f'::uuid,'Job description 4 ....'),
	 ('fbc0df46-9f27-4f95-957c-da3f8b7b02f0'::uuid,'2024-11-26 12:39:17.866475+02','2024-11-26 12:39:17.866475+02',false,'2db31410-0fbb-4f08-bb3b-0a091885aad5'::uuid,'aa22ac40-5ffc-4ea9-994d-13425a669ba3'::uuid,'Job description 1 ....');
INSERT INTO public.ticket_logs (id,created_at,updated_at,deleted,ticket_id,user_id,description) VALUES
	 ('a62f8a10-799a-46bf-83c8-e1c273785b95'::uuid,'2024-11-26 12:39:17.866475+02','2024-11-26 12:39:17.866475+02',false,'2db31410-0fbb-4f08-bb3b-0a091885aad5'::uuid,'aa22ac40-5ffc-4ea9-994d-13425a669ba3'::uuid,'Job description 2 ....'),
	 ('13e385a9-a82a-469a-85d2-177ac516629f'::uuid,'2024-11-26 12:39:17.866475+02','2024-11-26 12:39:17.866475+02',false,'2db31410-0fbb-4f08-bb3b-0a091885aad5'::uuid,'aa22ac40-5ffc-4ea9-994d-13425a669ba3'::uuid,'Job description 3 ....'),
	 ('87f93cfd-a8cc-4ad9-9500-e795d9379658'::uuid,'2024-11-26 12:39:17.866475+02','2024-11-26 12:39:17.866475+02',false,'2db31410-0fbb-4f08-bb3b-0a091885aad5'::uuid,'aa22ac40-5ffc-4ea9-994d-13425a669ba3'::uuid,'Job description 4 ....'),
	 ('615f9948-b6d0-426e-b5d8-28972fea7933'::uuid,'2024-11-26 12:39:17.866475+02','2024-11-26 12:39:17.866475+02',false,'2db31410-0fbb-4f08-bb3b-0a091885aad5'::uuid,'aa22ac40-5ffc-4ea9-994d-13425a669ba3'::uuid,'Job description 5 ....'),
	 ('b7b54065-9fcb-4a7d-93e8-2a4b72073d86'::uuid,'2024-11-26 12:39:17.866475+02','2024-11-26 12:39:17.866475+02',false,'2db31410-0fbb-4f08-bb3b-0a091885aad5'::uuid,'aa22ac40-5ffc-4ea9-994d-13425a669ba3'::uuid,'Job description 6 ....'),
	 ('0dd95e1a-4bd3-4d35-ad33-2965102d291c'::uuid,'2024-11-26 12:39:17.866475+02','2024-11-26 12:39:17.866475+02',false,'fe8d3b85-66cf-40df-8671-a1cfe4439a76'::uuid,'9e0fc85f-e987-4a2e-a632-78bd9ee6c49e'::uuid,'Additional notes from reporter...'),
	 ('7f06d7e9-36e2-4bab-b560-6644f16ad65e'::uuid,'2024-11-26 12:39:17.866475+02','2024-11-26 12:39:17.866475+02',false,'fe8d3b85-66cf-40df-8671-a1cfe4439a76'::uuid,'84164708-6cae-49ca-8a3b-045042b01abf'::uuid,'Job description 1 ....'),
	 ('8c5245dd-d432-42b1-b9fc-ea3a319e6ccc'::uuid,'2024-11-26 12:39:17.866475+02','2024-11-26 12:39:17.866475+02',false,'fe8d3b85-66cf-40df-8671-a1cfe4439a76'::uuid,'84164708-6cae-49ca-8a3b-045042b01abf'::uuid,'Job description 2 ....'),
	 ('45310b17-022e-4aec-be71-6d087302492c'::uuid,'2024-11-26 12:39:17.866475+02','2024-11-26 12:39:17.866475+02',false,'fe8d3b85-66cf-40df-8671-a1cfe4439a76'::uuid,'84164708-6cae-49ca-8a3b-045042b01abf'::uuid,'Job description 3 ....'),
	 ('19ef2046-4682-4265-a4b4-b35d63c4736c'::uuid,'2024-11-26 12:39:17.866475+02','2024-11-26 12:39:17.866475+02',false,'fe8d3b85-66cf-40df-8671-a1cfe4439a76'::uuid,'84164708-6cae-49ca-8a3b-045042b01abf'::uuid,'Job description 4 ....');
INSERT INTO public.ticket_logs (id,created_at,updated_at,deleted,ticket_id,user_id,description) VALUES
	 ('1d122a99-7f59-4a08-b01f-ca20fbc1b949'::uuid,'2024-11-26 12:39:17.866475+02','2024-11-26 12:39:17.866475+02',false,'fe8d3b85-66cf-40df-8671-a1cfe4439a76'::uuid,'84164708-6cae-49ca-8a3b-045042b01abf'::uuid,'Job description 5 ....'),
	 ('109cf070-2e6c-420c-a7ee-bfbd926b3be5'::uuid,'2024-11-26 12:39:17.866475+02','2024-11-26 12:39:17.866475+02',false,'fe8d3b85-66cf-40df-8671-a1cfe4439a76'::uuid,'84164708-6cae-49ca-8a3b-045042b01abf'::uuid,'Job description 6 ....'),
	 ('3899a704-e224-4867-a69b-f9820a79616b'::uuid,'2024-11-26 12:39:17.866475+02','2024-11-26 12:39:17.866475+02',false,'86b58801-bd28-4713-aff2-1d513f42f659'::uuid,'9e0fc85f-e987-4a2e-a632-78bd9ee6c49e'::uuid,'Additional notes from reporter...'),
	 ('75ea5a3f-dd5a-4649-a981-11e69d44d960'::uuid,'2024-11-26 12:39:17.866475+02','2024-11-26 12:39:17.866475+02',false,'86b58801-bd28-4713-aff2-1d513f42f659'::uuid,'a439d603-7b38-41f6-9ccd-096559659df0'::uuid,'Job description 1 ....'),
	 ('efc3763a-1226-4273-baf5-0c2d012fc11b'::uuid,'2024-11-26 12:39:17.866475+02','2024-11-26 12:39:17.866475+02',false,'86b58801-bd28-4713-aff2-1d513f42f659'::uuid,'a439d603-7b38-41f6-9ccd-096559659df0'::uuid,'Job description 2 ....'),
	 ('a0663e51-b802-429f-8575-c9a92de9a033'::uuid,'2024-11-26 12:39:17.866475+02','2024-11-26 12:39:17.866475+02',false,'86b58801-bd28-4713-aff2-1d513f42f659'::uuid,'a439d603-7b38-41f6-9ccd-096559659df0'::uuid,'Job description 3 ....'),
	 ('1a645b5d-d19a-46c0-947c-7306ad47029a'::uuid,'2024-11-26 12:39:17.866475+02','2024-11-26 12:39:17.866475+02',false,'86b58801-bd28-4713-aff2-1d513f42f659'::uuid,'a439d603-7b38-41f6-9ccd-096559659df0'::uuid,'Job description 4 ....'),
	 ('84c5f329-f161-4f6d-af55-a1ed1c2a6669'::uuid,'2024-11-26 12:39:17.866475+02','2024-11-26 12:39:17.866475+02',false,'3374951a-d9a4-4529-90c1-f35bfbfafdf5'::uuid,'9e0fc85f-e987-4a2e-a632-78bd9ee6c49e'::uuid,'Additional notes from reporter...'),
	 ('22a83509-b36d-4396-881a-67384e189724'::uuid,'2024-11-26 12:39:17.866475+02','2024-11-26 12:39:17.866475+02',false,'3374951a-d9a4-4529-90c1-f35bfbfafdf5'::uuid,'aa22ac40-5ffc-4ea9-994d-13425a669ba3'::uuid,'Job description 1 ....'),
	 ('08e178f2-5905-4ae6-9264-ecd8d014bee1'::uuid,'2024-11-26 12:39:17.866475+02','2024-11-26 12:39:17.866475+02',false,'3374951a-d9a4-4529-90c1-f35bfbfafdf5'::uuid,'aa22ac40-5ffc-4ea9-994d-13425a669ba3'::uuid,'Job description 2 ....');
INSERT INTO public.ticket_logs (id,created_at,updated_at,deleted,ticket_id,user_id,description) VALUES
	 ('4b233f0a-fb94-464e-8b22-499f02219be5'::uuid,'2024-11-26 12:39:17.866475+02','2024-11-26 12:39:17.866475+02',false,'3374951a-d9a4-4529-90c1-f35bfbfafdf5'::uuid,'aa22ac40-5ffc-4ea9-994d-13425a669ba3'::uuid,'Job description 3 ....'),
	 ('3e2464cb-08c1-4203-85ba-77a71f8e955f'::uuid,'2024-11-26 12:39:17.866475+02','2024-11-26 12:39:17.866475+02',false,'0253e138-515b-4de4-88ed-8daa9c2d7549'::uuid,'9e0fc85f-e987-4a2e-a632-78bd9ee6c49e'::uuid,'Additional notes from reporter...'),
	 ('c5e15817-ac2b-447c-a30d-0395199be7bf'::uuid,'2024-11-26 12:39:17.866475+02','2024-11-26 12:39:17.866475+02',false,'0253e138-515b-4de4-88ed-8daa9c2d7549'::uuid,'84164708-6cae-49ca-8a3b-045042b01abf'::uuid,'Job description 1 ....'),
	 ('8fa56fe4-8bd1-4471-864a-c81d770a1e93'::uuid,'2024-11-26 12:39:17.866475+02','2024-11-26 12:39:17.866475+02',false,'0253e138-515b-4de4-88ed-8daa9c2d7549'::uuid,'84164708-6cae-49ca-8a3b-045042b01abf'::uuid,'Job description 2 ....'),
	 ('8d24a75c-11bf-4c79-80e4-1f4e4f837957'::uuid,'2024-11-26 12:39:17.866475+02','2024-11-26 12:39:17.866475+02',false,'0253e138-515b-4de4-88ed-8daa9c2d7549'::uuid,'84164708-6cae-49ca-8a3b-045042b01abf'::uuid,'Job description 3 ....'),
	 ('c024dcef-b6be-4f4f-8f71-dfea591a244d'::uuid,'2024-11-26 12:39:17.866475+02','2024-11-26 12:39:17.866475+02',false,'360f701f-ae6b-4734-b83f-8875da86a7b4'::uuid,'aa22ac40-5ffc-4ea9-994d-13425a669ba3'::uuid,'Job description 1 ....'),
	 ('2c87a64a-0b29-4a54-a891-3f0e93e55509'::uuid,'2024-11-26 12:39:17.866475+02','2024-11-26 12:39:17.866475+02',false,'360f701f-ae6b-4734-b83f-8875da86a7b4'::uuid,'aa22ac40-5ffc-4ea9-994d-13425a669ba3'::uuid,'Job description 2 ....'),
	 ('c4ca24fc-b918-4721-9d6c-85ce1341b439'::uuid,'2024-11-26 12:39:17.866475+02','2024-11-26 12:39:17.866475+02',false,'b0638b43-209f-43f9-922e-f5fadffc8a25'::uuid,'aa22ac40-5ffc-4ea9-994d-13425a669ba3'::uuid,'Job description 1 ....'),
	 ('f5afcbc2-abeb-408e-bf44-43a974153fd1'::uuid,'2024-11-26 12:39:17.866475+02','2024-11-26 12:39:17.866475+02',false,'b0638b43-209f-43f9-922e-f5fadffc8a25'::uuid,'aa22ac40-5ffc-4ea9-994d-13425a669ba3'::uuid,'Job description 2 ....'),
	 ('145d6097-bcb2-4595-b181-0a5f94035419'::uuid,'2024-11-26 12:39:17.866475+02','2024-11-26 12:39:17.866475+02',false,'91f25308-08fe-42b0-99f4-ddd9e64dad23'::uuid,'a439d603-7b38-41f6-9ccd-096559659df0'::uuid,'Job description 1 ....');
INSERT INTO public.ticket_logs (id,created_at,updated_at,deleted,ticket_id,user_id,description) VALUES
	 ('f4935f6f-ac73-4440-82c3-03179ff847bd'::uuid,'2024-11-26 12:39:17.866475+02','2024-11-26 12:39:17.866475+02',false,'91f25308-08fe-42b0-99f4-ddd9e64dad23'::uuid,'a439d603-7b38-41f6-9ccd-096559659df0'::uuid,'Job description 2 ....'),
	 ('028c2de6-8983-478b-a797-476b0305b051'::uuid,'2024-11-26 12:39:17.866475+02','2024-11-26 12:39:17.866475+02',false,'91f25308-08fe-42b0-99f4-ddd9e64dad23'::uuid,'a439d603-7b38-41f6-9ccd-096559659df0'::uuid,'Job description 3 ....'),
	 ('51f3aeac-a576-4f71-9e64-9c27a0f1b743'::uuid,'2024-11-26 12:39:17.866475+02','2024-11-26 12:39:17.866475+02',false,'91f25308-08fe-42b0-99f4-ddd9e64dad23'::uuid,'a439d603-7b38-41f6-9ccd-096559659df0'::uuid,'Job description 4 ....'),
	 ('7180bb28-cb6d-4ca9-b52d-ef1f6c9c0735'::uuid,'2024-11-26 12:39:17.866475+02','2024-11-26 12:39:17.866475+02',false,'91f25308-08fe-42b0-99f4-ddd9e64dad23'::uuid,'a439d603-7b38-41f6-9ccd-096559659df0'::uuid,'Job description 5 ....'),
	 ('ef765d73-38f6-4bb2-89a9-428c47ff036d'::uuid,'2024-11-26 12:39:17.866475+02','2024-11-26 12:39:17.866475+02',false,'91f25308-08fe-42b0-99f4-ddd9e64dad23'::uuid,'a439d603-7b38-41f6-9ccd-096559659df0'::uuid,'Job description 6 ....'),
	 ('95a6bb99-390e-4174-b558-150d04ab7987'::uuid,'2024-11-26 12:39:17.866475+02','2024-11-26 12:39:17.866475+02',false,'484e2097-9cf2-435d-94a2-0478ac100ea4'::uuid,'1d52e2fb-e153-4faa-a230-7efe407d11b2'::uuid,'Job description 1 ....'),
	 ('4395ce9b-ea7f-44c6-be64-435d1b83a8ac'::uuid,'2024-11-26 12:39:17.866475+02','2024-11-26 12:39:17.866475+02',false,'484e2097-9cf2-435d-94a2-0478ac100ea4'::uuid,'1d52e2fb-e153-4faa-a230-7efe407d11b2'::uuid,'Job description 2 ....'),
	 ('f0d6febb-765f-4d37-8998-970d6d379fcb'::uuid,'2024-11-26 12:39:17.866475+02','2024-11-26 12:39:17.866475+02',false,'484e2097-9cf2-435d-94a2-0478ac100ea4'::uuid,'1d52e2fb-e153-4faa-a230-7efe407d11b2'::uuid,'Job description 3 ....'),
	 ('0655d2ad-38cf-4b1e-a143-c9258bfac5fb'::uuid,'2024-11-26 12:39:17.866475+02','2024-11-26 12:39:17.866475+02',false,'484e2097-9cf2-435d-94a2-0478ac100ea4'::uuid,'1d52e2fb-e153-4faa-a230-7efe407d11b2'::uuid,'Job description 4 ....'),
	 ('1917c090-db65-40f8-8ad3-5b1d6f0c6401'::uuid,'2024-11-26 12:39:17.866475+02','2024-11-26 12:39:17.866475+02',false,'484e2097-9cf2-435d-94a2-0478ac100ea4'::uuid,'1d52e2fb-e153-4faa-a230-7efe407d11b2'::uuid,'Job description 5 ....');
INSERT INTO public.ticket_logs (id,created_at,updated_at,deleted,ticket_id,user_id,description) VALUES
	 ('d45eb085-c637-4fbc-a7f3-29b9cc024315'::uuid,'2024-11-26 12:39:17.866475+02','2024-11-26 12:39:17.866475+02',false,'85303136-b3e1-495b-b6e3-d7630c92bd2f'::uuid,'5dea3a57-9450-4234-be85-4868668a3e0f'::uuid,'Job description 1 ....'),
	 ('d2cd2080-cef9-4eb5-8b25-8ac6f0df1db4'::uuid,'2024-11-26 12:39:17.866475+02','2024-11-26 12:39:17.866475+02',false,'85303136-b3e1-495b-b6e3-d7630c92bd2f'::uuid,'5dea3a57-9450-4234-be85-4868668a3e0f'::uuid,'Job description 2 ....'),
	 ('13d8f217-819e-4d4c-b6c1-54bacd04b57a'::uuid,'2024-11-26 12:39:17.866475+02','2024-11-26 12:39:17.866475+02',false,'85303136-b3e1-495b-b6e3-d7630c92bd2f'::uuid,'5dea3a57-9450-4234-be85-4868668a3e0f'::uuid,'Job description 3 ....'),
	 ('91c8dfb6-986b-4954-82e4-e09f9e0202a8'::uuid,'2024-11-26 12:39:17.866475+02','2024-11-26 12:39:17.866475+02',false,'85303136-b3e1-495b-b6e3-d7630c92bd2f'::uuid,'5dea3a57-9450-4234-be85-4868668a3e0f'::uuid,'Job description 4 ....'),
	 ('da37b07d-2fee-4d86-bc24-e28c46a5b614'::uuid,'2024-11-26 12:39:17.866475+02','2024-11-26 12:39:17.866475+02',false,'85303136-b3e1-495b-b6e3-d7630c92bd2f'::uuid,'5dea3a57-9450-4234-be85-4868668a3e0f'::uuid,'Job description 5 ....'),
	 ('46a6ce19-601e-474f-9452-e85274bdd639'::uuid,'2024-11-26 12:39:17.866475+02','2024-11-26 12:39:17.866475+02',false,'93af25a6-184b-4bf1-bc94-3ea7b7e2ac08'::uuid,'929f94d0-6e13-46b2-9b84-dc859c5bde37'::uuid,'Additional notes from reporter...'),
	 ('3cf212a0-b437-4c7b-92b8-aa22ec530994'::uuid,'2024-11-26 12:39:17.866475+02','2024-11-26 12:39:17.866475+02',false,'93af25a6-184b-4bf1-bc94-3ea7b7e2ac08'::uuid,'5dea3a57-9450-4234-be85-4868668a3e0f'::uuid,'Job description 1 ....'),
	 ('c1367dcd-b090-4b42-87eb-06fb8a819f16'::uuid,'2024-11-26 12:39:17.866475+02','2024-11-26 12:39:17.866475+02',false,'93af25a6-184b-4bf1-bc94-3ea7b7e2ac08'::uuid,'5dea3a57-9450-4234-be85-4868668a3e0f'::uuid,'Job description 2 ....'),
	 ('9d084c8b-b7b9-4312-b3d4-7ff7863037f1'::uuid,'2024-11-26 12:39:17.866475+02','2024-11-26 12:39:17.866475+02',false,'93af25a6-184b-4bf1-bc94-3ea7b7e2ac08'::uuid,'5dea3a57-9450-4234-be85-4868668a3e0f'::uuid,'Job description 3 ....'),
	 ('39c87e98-4cf4-4894-8dd4-ec0a425c0b78'::uuid,'2024-11-26 12:39:17.866475+02','2024-11-26 12:39:17.866475+02',false,'93af25a6-184b-4bf1-bc94-3ea7b7e2ac08'::uuid,'5dea3a57-9450-4234-be85-4868668a3e0f'::uuid,'Job description 4 ....');
INSERT INTO public.ticket_logs (id,created_at,updated_at,deleted,ticket_id,user_id,description) VALUES
	 ('4d46d1d8-c1c7-4b0e-a475-485bf1013649'::uuid,'2024-11-26 12:39:17.866475+02','2024-11-26 12:39:17.866475+02',false,'93af25a6-184b-4bf1-bc94-3ea7b7e2ac08'::uuid,'5dea3a57-9450-4234-be85-4868668a3e0f'::uuid,'Job description 5 ....'),
	 ('7c8f7752-4318-49cd-b605-9a61c3281309'::uuid,'2024-11-26 12:39:17.866475+02','2024-11-26 12:39:17.866475+02',false,'9f6e8ae0-c877-4c0a-babf-c0f642122787'::uuid,'834b7370-5b3d-4db3-9032-c91a7f23d22f'::uuid,'Job description 1 ....'),
	 ('3c595a74-c484-4e90-a9ef-0d3af3db36ee'::uuid,'2024-11-26 12:39:17.866475+02','2024-11-26 12:39:17.866475+02',false,'9f6e8ae0-c877-4c0a-babf-c0f642122787'::uuid,'834b7370-5b3d-4db3-9032-c91a7f23d22f'::uuid,'Job description 2 ....'),
	 ('fcf88da6-34d0-48f9-b45e-5a107179e9b7'::uuid,'2024-11-26 12:39:17.866475+02','2024-11-26 12:39:17.866475+02',false,'0f8e57f8-ae84-4a7d-a3d3-de9736871d8b'::uuid,'489aff38-9913-4034-b5c5-b8405a75b249'::uuid,'Job description 1 ....'),
	 ('c036a5f5-7331-413a-ae61-7d972f99d85a'::uuid,'2024-11-26 12:39:17.866475+02','2024-11-26 12:39:17.866475+02',false,'0f8e57f8-ae84-4a7d-a3d3-de9736871d8b'::uuid,'489aff38-9913-4034-b5c5-b8405a75b249'::uuid,'Job description 2 ....'),
	 ('e305a24c-dbd6-47c2-8008-8744756a659c'::uuid,'2024-11-26 12:39:17.866475+02','2024-11-26 12:39:17.866475+02',false,'74c353a7-38da-42d1-bc76-01265abecb94'::uuid,'c8e63091-3e3f-4a68-b6fe-c47759bf25af'::uuid,'Additional notes from reporter...'),
	 ('b30b6c85-d7d5-465d-800a-9a35ee931fda'::uuid,'2024-11-26 12:39:17.866475+02','2024-11-26 12:39:17.866475+02',false,'74c353a7-38da-42d1-bc76-01265abecb94'::uuid,'25e48a23-ac50-4549-9f81-16f2ebc885af'::uuid,'Job description 1 ....'),
	 ('4b998523-92a1-4797-8fa6-248f58bd5a92'::uuid,'2024-11-26 12:39:17.866475+02','2024-11-26 12:39:17.866475+02',false,'74c353a7-38da-42d1-bc76-01265abecb94'::uuid,'25e48a23-ac50-4549-9f81-16f2ebc885af'::uuid,'Job description 2 ....'),
	 ('87121a1d-3b78-460b-a7dd-e48a79dd84ef'::uuid,'2024-11-26 12:39:17.866475+02','2024-11-26 12:39:17.866475+02',false,'74c353a7-38da-42d1-bc76-01265abecb94'::uuid,'25e48a23-ac50-4549-9f81-16f2ebc885af'::uuid,'Job description 3 ....'),
	 ('aa9cf8a6-fd94-4dc7-8beb-3cdf68951c2d'::uuid,'2024-11-26 12:39:17.866475+02','2024-11-26 12:39:17.866475+02',false,'74c353a7-38da-42d1-bc76-01265abecb94'::uuid,'25e48a23-ac50-4549-9f81-16f2ebc885af'::uuid,'Job description 4 ....');
INSERT INTO public.ticket_logs (id,created_at,updated_at,deleted,ticket_id,user_id,description) VALUES
	 ('bfc2ecbb-09f8-4829-92a6-363bf764eef2'::uuid,'2024-11-26 12:39:17.866475+02','2024-11-26 12:39:17.866475+02',false,'c43359c7-d2d7-4e1c-8e68-d6b6b589ea1d'::uuid,'c8e63091-3e3f-4a68-b6fe-c47759bf25af'::uuid,'Additional notes from reporter...'),
	 ('d541ccf8-dbdb-4322-84e2-7b5b3871b242'::uuid,'2024-11-26 12:39:17.866475+02','2024-11-26 12:39:17.866475+02',false,'c43359c7-d2d7-4e1c-8e68-d6b6b589ea1d'::uuid,'3a243608-b873-4137-9a60-a4db1f96d856'::uuid,'Job description 1 ....'),
	 ('62eec022-777f-4e66-adcf-7157b516963e'::uuid,'2024-11-26 12:39:17.866475+02','2024-11-26 12:39:17.866475+02',false,'c43359c7-d2d7-4e1c-8e68-d6b6b589ea1d'::uuid,'3a243608-b873-4137-9a60-a4db1f96d856'::uuid,'Job description 2 ....'),
	 ('cbd24bcd-7e05-430f-a81c-361bda40f0b8'::uuid,'2024-11-26 12:39:17.866475+02','2024-11-26 12:39:17.866475+02',false,'c43359c7-d2d7-4e1c-8e68-d6b6b589ea1d'::uuid,'3a243608-b873-4137-9a60-a4db1f96d856'::uuid,'Job description 3 ....'),
	 ('f4dbc9e7-e4f2-40ba-bcfc-d8810329d4f7'::uuid,'2024-11-26 12:39:17.866475+02','2024-11-26 12:39:17.866475+02',false,'c43359c7-d2d7-4e1c-8e68-d6b6b589ea1d'::uuid,'3a243608-b873-4137-9a60-a4db1f96d856'::uuid,'Job description 4 ....'),
	 ('11cde378-d6ff-4b2a-92f1-f422a5a05abf'::uuid,'2024-11-26 12:39:17.866475+02','2024-11-26 12:39:17.866475+02',false,'c43359c7-d2d7-4e1c-8e68-d6b6b589ea1d'::uuid,'3a243608-b873-4137-9a60-a4db1f96d856'::uuid,'Job description 5 ....'),
	 ('b95ee00d-f4a3-4a5e-bcb7-3e2061c830f9'::uuid,'2024-11-26 12:39:17.866475+02','2024-11-26 12:39:17.866475+02',false,'c43359c7-d2d7-4e1c-8e68-d6b6b589ea1d'::uuid,'3a243608-b873-4137-9a60-a4db1f96d856'::uuid,'Job description 6 ....'),
	 ('165b8fb6-01b7-499d-9d3d-7aa7e283ee04'::uuid,'2024-11-26 12:39:17.866475+02','2024-11-26 12:39:17.866475+02',false,'c43359c7-d2d7-4e1c-8e68-d6b6b589ea1d'::uuid,'3a243608-b873-4137-9a60-a4db1f96d856'::uuid,'Job description 7 ....'),
	 ('85d3277e-a9df-4d0f-803d-ec8ef937ddf1'::uuid,'2024-11-26 12:39:17.866475+02','2024-11-26 12:39:17.866475+02',false,'c33d288d-b158-4392-acdf-4fd823c500ba'::uuid,'c8e63091-3e3f-4a68-b6fe-c47759bf25af'::uuid,'Additional notes from reporter...'),
	 ('656e48fd-097b-4faf-9582-b67a9a2fe40c'::uuid,'2024-11-26 12:39:17.866475+02','2024-11-26 12:39:17.866475+02',false,'c33d288d-b158-4392-acdf-4fd823c500ba'::uuid,'aa22ac40-5ffc-4ea9-994d-13425a669ba3'::uuid,'Job description 1 ....');
INSERT INTO public.ticket_logs (id,created_at,updated_at,deleted,ticket_id,user_id,description) VALUES
	 ('9d3a8895-df9a-414a-bdf5-fd7cc25f2f20'::uuid,'2024-11-26 12:39:17.866475+02','2024-11-26 12:39:17.866475+02',false,'c33d288d-b158-4392-acdf-4fd823c500ba'::uuid,'aa22ac40-5ffc-4ea9-994d-13425a669ba3'::uuid,'Job description 2 ....'),
	 ('aa07d97d-07ac-4f70-b82d-4f80461d6da8'::uuid,'2024-11-26 12:39:17.866475+02','2024-11-26 12:39:17.866475+02',false,'c33d288d-b158-4392-acdf-4fd823c500ba'::uuid,'aa22ac40-5ffc-4ea9-994d-13425a669ba3'::uuid,'Job description 3 ....'),
	 ('f25fae10-18d5-4366-9f3d-c77abe87a250'::uuid,'2024-11-26 12:39:17.866475+02','2024-11-26 12:39:17.866475+02',false,'c33d288d-b158-4392-acdf-4fd823c500ba'::uuid,'aa22ac40-5ffc-4ea9-994d-13425a669ba3'::uuid,'Job description 4 ....'),
	 ('39d5c8c0-a126-446f-ba82-fdb42364b03b'::uuid,'2024-11-26 12:39:17.866475+02','2024-11-26 12:39:17.866475+02',false,'c33d288d-b158-4392-acdf-4fd823c500ba'::uuid,'aa22ac40-5ffc-4ea9-994d-13425a669ba3'::uuid,'Job description 5 ....'),
	 ('2445dc83-9833-49a3-9238-dd0b959d961c'::uuid,'2024-11-26 12:39:17.866475+02','2024-11-26 12:39:17.866475+02',false,'c33d288d-b158-4392-acdf-4fd823c500ba'::uuid,'aa22ac40-5ffc-4ea9-994d-13425a669ba3'::uuid,'Job description 6 ....'),
	 ('e6aca9c6-f370-4e25-941d-6fc9a7954128'::uuid,'2024-11-26 12:39:17.866475+02','2024-11-26 12:39:17.866475+02',false,'e8dd6c13-22e6-4827-834c-e2b485b665ac'::uuid,'3a243608-b873-4137-9a60-a4db1f96d856'::uuid,'Job description 1 ....'),
	 ('97b204ad-884e-40ba-97f7-882049393b82'::uuid,'2024-11-26 12:39:17.866475+02','2024-11-26 12:39:17.866475+02',false,'e8dd6c13-22e6-4827-834c-e2b485b665ac'::uuid,'3a243608-b873-4137-9a60-a4db1f96d856'::uuid,'Job description 2 ....'),
	 ('25f9f7df-e8c2-4282-b13a-761bb31fc1e7'::uuid,'2024-11-26 12:39:17.866475+02','2024-11-26 12:39:17.866475+02',false,'e8dd6c13-22e6-4827-834c-e2b485b665ac'::uuid,'3a243608-b873-4137-9a60-a4db1f96d856'::uuid,'Job description 3 ....'),
	 ('4aeccfa5-953f-408e-be05-7470b1a2811d'::uuid,'2024-11-26 12:39:17.866475+02','2024-11-26 12:39:17.866475+02',false,'e8dd6c13-22e6-4827-834c-e2b485b665ac'::uuid,'3a243608-b873-4137-9a60-a4db1f96d856'::uuid,'Job description 4 ....'),
	 ('6d3d6e40-3f40-4665-8cc6-4045b75126db'::uuid,'2024-11-26 12:39:17.866475+02','2024-11-26 12:39:17.866475+02',false,'a205b6a5-bae5-4a99-8b79-b59c2e8d1680'::uuid,'ba9a3806-f818-4d84-9bd8-cf03326f0206'::uuid,'Additional notes from reporter...');
INSERT INTO public.ticket_logs (id,created_at,updated_at,deleted,ticket_id,user_id,description) VALUES
	 ('d5ad0fa8-703a-4ce8-9cb5-39d0ee695e9b'::uuid,'2024-11-26 12:39:17.866475+02','2024-11-26 12:39:17.866475+02',false,'a205b6a5-bae5-4a99-8b79-b59c2e8d1680'::uuid,'834b7370-5b3d-4db3-9032-c91a7f23d22f'::uuid,'Job description 1 ....'),
	 ('4b5174a4-bafb-47c9-b670-0d538873a424'::uuid,'2024-11-26 12:39:17.866475+02','2024-11-26 12:39:17.866475+02',false,'a205b6a5-bae5-4a99-8b79-b59c2e8d1680'::uuid,'834b7370-5b3d-4db3-9032-c91a7f23d22f'::uuid,'Job description 2 ....'),
	 ('160ca40f-fe7f-40a5-8faa-7dfe9d425989'::uuid,'2024-11-26 12:39:17.866475+02','2024-11-26 12:39:17.866475+02',false,'a205b6a5-bae5-4a99-8b79-b59c2e8d1680'::uuid,'834b7370-5b3d-4db3-9032-c91a7f23d22f'::uuid,'Job description 3 ....'),
	 ('b6e9b231-92ed-44a0-a66d-bcd9157e3610'::uuid,'2024-11-26 12:39:17.866475+02','2024-11-26 12:39:17.866475+02',false,'a205b6a5-bae5-4a99-8b79-b59c2e8d1680'::uuid,'834b7370-5b3d-4db3-9032-c91a7f23d22f'::uuid,'Job description 4 ....'),
	 ('1e508311-c75a-42ff-a1ff-bbcb470db510'::uuid,'2024-11-26 12:39:17.866475+02','2024-11-26 12:39:17.866475+02',false,'a205b6a5-bae5-4a99-8b79-b59c2e8d1680'::uuid,'834b7370-5b3d-4db3-9032-c91a7f23d22f'::uuid,'Job description 5 ....'),
	 ('e5337611-f9b1-47a9-bad6-8f4beb2668c3'::uuid,'2024-11-26 12:39:17.866475+02','2024-11-26 12:39:17.866475+02',false,'a205b6a5-bae5-4a99-8b79-b59c2e8d1680'::uuid,'834b7370-5b3d-4db3-9032-c91a7f23d22f'::uuid,'Job description 6 ....'),
	 ('47243550-99d1-4a43-9e70-1fecf4e1ae05'::uuid,'2024-11-26 12:39:17.866475+02','2024-11-26 12:39:17.866475+02',false,'a205b6a5-bae5-4a99-8b79-b59c2e8d1680'::uuid,'834b7370-5b3d-4db3-9032-c91a7f23d22f'::uuid,'Job description 7 ....'),
	 ('5e9e9af2-8928-4549-a71d-860a9acc903b'::uuid,'2024-11-26 12:39:17.866475+02','2024-11-26 12:39:17.866475+02',false,'cae8db38-f218-4acc-9411-0b8842919c82'::uuid,'ba9a3806-f818-4d84-9bd8-cf03326f0206'::uuid,'Additional notes from reporter...'),
	 ('4230db4f-94eb-44d1-b6f0-dfd3f2f4a165'::uuid,'2024-11-26 12:39:17.866475+02','2024-11-26 12:39:17.866475+02',false,'cae8db38-f218-4acc-9411-0b8842919c82'::uuid,'4776a491-04e9-4b16-b4c1-f48cde7c93d9'::uuid,'Job description 1 ....'),
	 ('32112391-ca29-47e5-8689-171e3b5efc3f'::uuid,'2024-11-26 12:39:17.866475+02','2024-11-26 12:39:17.866475+02',false,'cae8db38-f218-4acc-9411-0b8842919c82'::uuid,'4776a491-04e9-4b16-b4c1-f48cde7c93d9'::uuid,'Job description 2 ....');
INSERT INTO public.ticket_logs (id,created_at,updated_at,deleted,ticket_id,user_id,description) VALUES
	 ('647cd18e-e31c-42e4-a976-1fa3cb89c1b7'::uuid,'2024-11-26 12:39:17.866475+02','2024-11-26 12:39:17.866475+02',false,'da1bad00-463e-43a3-8b5a-7991e3a51b97'::uuid,'ba9a3806-f818-4d84-9bd8-cf03326f0206'::uuid,'Additional notes from reporter...'),
	 ('5a7e2d79-ad16-4503-a9f6-8f8a1e1f4472'::uuid,'2024-11-26 12:39:17.866475+02','2024-11-26 12:39:17.866475+02',false,'da1bad00-463e-43a3-8b5a-7991e3a51b97'::uuid,'a439d603-7b38-41f6-9ccd-096559659df0'::uuid,'Job description 1 ....'),
	 ('42ac6230-dcd8-4fb7-a94f-a48d11fd7e60'::uuid,'2024-11-26 12:39:17.866475+02','2024-11-26 12:39:17.866475+02',false,'da1bad00-463e-43a3-8b5a-7991e3a51b97'::uuid,'a439d603-7b38-41f6-9ccd-096559659df0'::uuid,'Job description 2 ....'),
	 ('2766b0bb-36b4-4159-890b-1f78cf627806'::uuid,'2024-11-26 12:39:17.866475+02','2024-11-26 12:39:17.866475+02',false,'10321148-ce43-441f-bb5b-710e3e73e332'::uuid,'a439d603-7b38-41f6-9ccd-096559659df0'::uuid,'Job description 1 ....'),
	 ('d7c72e42-b461-4087-980b-be6adbb1acaf'::uuid,'2024-11-26 12:39:17.866475+02','2024-11-26 12:39:17.866475+02',false,'10321148-ce43-441f-bb5b-710e3e73e332'::uuid,'a439d603-7b38-41f6-9ccd-096559659df0'::uuid,'Job description 2 ....'),
	 ('28c8917d-569b-4183-9968-02553736fe82'::uuid,'2024-11-26 12:39:17.866475+02','2024-11-26 12:39:17.866475+02',false,'10321148-ce43-441f-bb5b-710e3e73e332'::uuid,'a439d603-7b38-41f6-9ccd-096559659df0'::uuid,'Job description 3 ....'),
	 ('cfbe8049-894a-40e3-968b-881a155eaf94'::uuid,'2024-11-26 12:39:17.866475+02','2024-11-26 12:39:17.866475+02',false,'10321148-ce43-441f-bb5b-710e3e73e332'::uuid,'a439d603-7b38-41f6-9ccd-096559659df0'::uuid,'Job description 4 ....'),
	 ('9a3a2a14-b952-439d-9885-4ab102d038ee'::uuid,'2024-11-26 12:39:17.866475+02','2024-11-26 12:39:17.866475+02',false,'ac507d5a-77a0-42c4-b9c2-c2c5b5f727de'::uuid,'8d5efe54-6398-4f61-bb89-022e154207ed'::uuid,'Additional notes from reporter...'),
	 ('617f7817-6cfb-4ebe-98b6-d335f91f5d11'::uuid,'2024-11-26 12:39:17.866475+02','2024-11-26 12:39:17.866475+02',false,'ac507d5a-77a0-42c4-b9c2-c2c5b5f727de'::uuid,'8bbd3e16-f942-4f37-9b30-d8c1de743f7a'::uuid,'Job description 1 ....'),
	 ('a80ab79f-79f1-41b4-aba8-6c0a8d4459ca'::uuid,'2024-11-26 12:39:17.866475+02','2024-11-26 12:39:17.866475+02',false,'ac507d5a-77a0-42c4-b9c2-c2c5b5f727de'::uuid,'8bbd3e16-f942-4f37-9b30-d8c1de743f7a'::uuid,'Job description 2 ....');
INSERT INTO public.ticket_logs (id,created_at,updated_at,deleted,ticket_id,user_id,description) VALUES
	 ('46d4580f-547a-483a-bf3c-676758d1136a'::uuid,'2024-11-26 12:39:17.866475+02','2024-11-26 12:39:17.866475+02',false,'ac507d5a-77a0-42c4-b9c2-c2c5b5f727de'::uuid,'8bbd3e16-f942-4f37-9b30-d8c1de743f7a'::uuid,'Job description 3 ....'),
	 ('a324bf25-c0bd-4958-be1b-8b2323ed37f2'::uuid,'2024-11-26 12:39:17.866475+02','2024-11-26 12:39:17.866475+02',false,'ac507d5a-77a0-42c4-b9c2-c2c5b5f727de'::uuid,'8bbd3e16-f942-4f37-9b30-d8c1de743f7a'::uuid,'Job description 4 ....'),
	 ('28025a70-afa9-45c9-bdbb-c68f009ff137'::uuid,'2024-11-26 12:39:17.866475+02','2024-11-26 12:39:17.866475+02',false,'ac507d5a-77a0-42c4-b9c2-c2c5b5f727de'::uuid,'8bbd3e16-f942-4f37-9b30-d8c1de743f7a'::uuid,'Job description 5 ....'),
	 ('55e55e39-6eb1-458e-814f-5e916ebf0721'::uuid,'2024-11-26 12:39:17.866475+02','2024-11-26 12:39:17.866475+02',false,'ac507d5a-77a0-42c4-b9c2-c2c5b5f727de'::uuid,'8bbd3e16-f942-4f37-9b30-d8c1de743f7a'::uuid,'Job description 6 ....'),
	 ('fa5be182-37d0-42a5-949b-c94ad6ba39e2'::uuid,'2024-11-26 12:39:17.866475+02','2024-11-26 12:39:17.866475+02',false,'777ad335-7e02-492f-b560-bb8ce8ea7a0c'::uuid,'4776a491-04e9-4b16-b4c1-f48cde7c93d9'::uuid,'Job description 1 ....'),
	 ('6dc3c5d8-9c8e-417d-9447-5e289a584c7c'::uuid,'2024-11-26 12:39:17.866475+02','2024-11-26 12:39:17.866475+02',false,'777ad335-7e02-492f-b560-bb8ce8ea7a0c'::uuid,'4776a491-04e9-4b16-b4c1-f48cde7c93d9'::uuid,'Job description 2 ....'),
	 ('a0f2fc84-63bf-41e6-a1a9-f71033fd7291'::uuid,'2024-11-26 12:39:17.866475+02','2024-11-26 12:39:17.866475+02',false,'777ad335-7e02-492f-b560-bb8ce8ea7a0c'::uuid,'4776a491-04e9-4b16-b4c1-f48cde7c93d9'::uuid,'Job description 3 ....'),
	 ('2140be23-6ebc-4b95-ab0c-c62b0dafd98c'::uuid,'2024-11-26 12:39:17.866475+02','2024-11-26 12:39:17.866475+02',false,'777ad335-7e02-492f-b560-bb8ce8ea7a0c'::uuid,'4776a491-04e9-4b16-b4c1-f48cde7c93d9'::uuid,'Job description 4 ....'),
	 ('b9f211ab-ceae-4541-ae33-256e49dd25ec'::uuid,'2024-11-26 12:39:17.866475+02','2024-11-26 12:39:17.866475+02',false,'777ad335-7e02-492f-b560-bb8ce8ea7a0c'::uuid,'4776a491-04e9-4b16-b4c1-f48cde7c93d9'::uuid,'Job description 5 ....'),
	 ('198bb473-bb5a-44f6-aba1-f0dcade8362d'::uuid,'2024-11-26 12:39:17.866475+02','2024-11-26 12:39:17.866475+02',false,'777ad335-7e02-492f-b560-bb8ce8ea7a0c'::uuid,'4776a491-04e9-4b16-b4c1-f48cde7c93d9'::uuid,'Job description 6 ....');
INSERT INTO public.ticket_logs (id,created_at,updated_at,deleted,ticket_id,user_id,description) VALUES
	 ('2e6379f5-f499-40b6-81f0-c50cc5191ce6'::uuid,'2024-11-26 12:39:17.866475+02','2024-11-26 12:39:17.866475+02',false,'010324cc-1810-4a25-a5b7-1450ab99c96f'::uuid,'25e48a23-ac50-4549-9f81-16f2ebc885af'::uuid,'Job description 1 ....'),
	 ('92094d75-76bd-479a-bea6-8872dd0caf72'::uuid,'2024-11-26 12:39:17.866475+02','2024-11-26 12:39:17.866475+02',false,'010324cc-1810-4a25-a5b7-1450ab99c96f'::uuid,'25e48a23-ac50-4549-9f81-16f2ebc885af'::uuid,'Job description 2 ....'),
	 ('01a2dc67-dd41-498c-8f56-97bc18781161'::uuid,'2024-11-26 12:39:17.866475+02','2024-11-26 12:39:17.866475+02',false,'010324cc-1810-4a25-a5b7-1450ab99c96f'::uuid,'25e48a23-ac50-4549-9f81-16f2ebc885af'::uuid,'Job description 3 ....'),
	 ('d5caf285-9a17-4588-8e99-b6a7fb8c1dbe'::uuid,'2024-11-26 12:39:17.866475+02','2024-11-26 12:39:17.866475+02',false,'010324cc-1810-4a25-a5b7-1450ab99c96f'::uuid,'25e48a23-ac50-4549-9f81-16f2ebc885af'::uuid,'Job description 4 ....'),
	 ('0bc7a684-4761-4cf1-8a10-d8101038ab37'::uuid,'2024-11-26 12:39:17.866475+02','2024-11-26 12:39:17.866475+02',false,'010324cc-1810-4a25-a5b7-1450ab99c96f'::uuid,'25e48a23-ac50-4549-9f81-16f2ebc885af'::uuid,'Job description 5 ....'),
	 ('0fe352ee-8950-4c50-aea7-f2c39a1bf035'::uuid,'2024-11-26 12:39:17.866475+02','2024-11-26 12:39:17.866475+02',false,'010324cc-1810-4a25-a5b7-1450ab99c96f'::uuid,'25e48a23-ac50-4549-9f81-16f2ebc885af'::uuid,'Job description 6 ....'),
	 ('19be8dca-cbcd-4ee8-b73d-816265fb39e1'::uuid,'2024-11-26 12:39:17.866475+02','2024-11-26 12:39:17.866475+02',false,'b2d6d51f-a04c-4d81-9112-08aee96c70fa'::uuid,'02e58538-0067-4646-9e84-5056bd9f895b'::uuid,'Additional notes from reporter...'),
	 ('48ba1591-ed2d-488e-9a32-f80c44c451c0'::uuid,'2024-11-26 12:39:17.866475+02','2024-11-26 12:39:17.866475+02',false,'b2d6d51f-a04c-4d81-9112-08aee96c70fa'::uuid,'25ba5912-2e5f-458b-86fe-470b4b0b2935'::uuid,'Job description 1 ....'),
	 ('35696af6-1265-41b6-ba9f-e4f4f50ccbe3'::uuid,'2024-11-26 12:39:17.866475+02','2024-11-26 12:39:17.866475+02',false,'b2d6d51f-a04c-4d81-9112-08aee96c70fa'::uuid,'25ba5912-2e5f-458b-86fe-470b4b0b2935'::uuid,'Job description 2 ....'),
	 ('3e55bb6a-30c2-455c-bb6e-2384d4eca416'::uuid,'2024-11-26 12:39:17.866475+02','2024-11-26 12:39:17.866475+02',false,'b2d6d51f-a04c-4d81-9112-08aee96c70fa'::uuid,'25ba5912-2e5f-458b-86fe-470b4b0b2935'::uuid,'Job description 3 ....');
INSERT INTO public.ticket_logs (id,created_at,updated_at,deleted,ticket_id,user_id,description) VALUES
	 ('3f766c6c-372c-4032-8771-3cff64762a97'::uuid,'2024-11-26 12:39:17.866475+02','2024-11-26 12:39:17.866475+02',false,'0ef243eb-f037-4a06-8c76-f1ed0684e9f5'::uuid,'02e58538-0067-4646-9e84-5056bd9f895b'::uuid,'Additional notes from reporter...'),
	 ('f857b961-f9fd-4ca5-9615-7f7078f3a0e8'::uuid,'2024-11-26 12:39:17.866475+02','2024-11-26 12:39:17.866475+02',false,'0ef243eb-f037-4a06-8c76-f1ed0684e9f5'::uuid,'84164708-6cae-49ca-8a3b-045042b01abf'::uuid,'Job description 1 ....'),
	 ('572a7ff7-2981-4ffb-a4fa-643f65f7ce6f'::uuid,'2024-11-26 12:39:17.866475+02','2024-11-26 12:39:17.866475+02',false,'0ef243eb-f037-4a06-8c76-f1ed0684e9f5'::uuid,'84164708-6cae-49ca-8a3b-045042b01abf'::uuid,'Job description 2 ....'),
	 ('9e07987a-fb85-4528-84f3-4f4da9b719de'::uuid,'2024-11-26 12:39:17.866475+02','2024-11-26 12:39:17.866475+02',false,'0ef243eb-f037-4a06-8c76-f1ed0684e9f5'::uuid,'84164708-6cae-49ca-8a3b-045042b01abf'::uuid,'Job description 3 ....'),
	 ('04b34536-b5a8-4046-890a-5e926b02d552'::uuid,'2024-11-26 12:39:17.866475+02','2024-11-26 12:39:17.866475+02',false,'0ef243eb-f037-4a06-8c76-f1ed0684e9f5'::uuid,'84164708-6cae-49ca-8a3b-045042b01abf'::uuid,'Job description 4 ....'),
	 ('38fa6de9-f2b6-47ca-ad38-1fe552db342f'::uuid,'2024-11-26 12:39:17.866475+02','2024-11-26 12:39:17.866475+02',false,'0ef243eb-f037-4a06-8c76-f1ed0684e9f5'::uuid,'84164708-6cae-49ca-8a3b-045042b01abf'::uuid,'Job description 5 ....'),
	 ('036dd5c8-f50b-428a-ba0c-81f57e7eefc8'::uuid,'2024-11-26 12:39:17.866475+02','2024-11-26 12:39:17.866475+02',false,'0ef243eb-f037-4a06-8c76-f1ed0684e9f5'::uuid,'84164708-6cae-49ca-8a3b-045042b01abf'::uuid,'Job description 6 ....'),
	 ('0337f99a-6778-424c-b241-b5ad7b8c2a99'::uuid,'2024-11-26 12:39:17.866475+02','2024-11-26 12:39:17.866475+02',false,'0ef243eb-f037-4a06-8c76-f1ed0684e9f5'::uuid,'84164708-6cae-49ca-8a3b-045042b01abf'::uuid,'Job description 7 ....'),
	 ('0c070a1a-0f85-4ab3-8ee3-3aaac847e65e'::uuid,'2024-11-26 12:39:17.866475+02','2024-11-26 12:39:17.866475+02',false,'91c0ecab-95de-4d8e-a40a-c7e3506f0eea'::uuid,'682ed634-30a8-49a8-8a0f-eb4f65eafefb'::uuid,'Additional notes from reporter...'),
	 ('18b980f1-6700-4b8f-91ab-fd3e2a01da34'::uuid,'2024-11-26 12:39:17.866475+02','2024-11-26 12:39:17.866475+02',false,'91c0ecab-95de-4d8e-a40a-c7e3506f0eea'::uuid,'1d52e2fb-e153-4faa-a230-7efe407d11b2'::uuid,'Job description 1 ....');
INSERT INTO public.ticket_logs (id,created_at,updated_at,deleted,ticket_id,user_id,description) VALUES
	 ('35cedb6c-6ec6-41ae-ac02-d5631a8b8ca1'::uuid,'2024-11-26 12:39:17.866475+02','2024-11-26 12:39:17.866475+02',false,'91c0ecab-95de-4d8e-a40a-c7e3506f0eea'::uuid,'1d52e2fb-e153-4faa-a230-7efe407d11b2'::uuid,'Job description 2 ....'),
	 ('12c4c3fa-515c-409e-9dce-6acdd6dc4b68'::uuid,'2024-11-26 12:39:17.866475+02','2024-11-26 12:39:17.866475+02',false,'91c0ecab-95de-4d8e-a40a-c7e3506f0eea'::uuid,'1d52e2fb-e153-4faa-a230-7efe407d11b2'::uuid,'Job description 3 ....'),
	 ('66a5adda-ee52-4385-8cbe-9d296bb6531a'::uuid,'2024-11-26 12:39:17.866475+02','2024-11-26 12:39:17.866475+02',false,'91c0ecab-95de-4d8e-a40a-c7e3506f0eea'::uuid,'1d52e2fb-e153-4faa-a230-7efe407d11b2'::uuid,'Job description 4 ....'),
	 ('be2765d0-7faf-4004-b7c9-ac072ce81c33'::uuid,'2024-11-26 12:39:17.866475+02','2024-11-26 12:39:17.866475+02',false,'91c0ecab-95de-4d8e-a40a-c7e3506f0eea'::uuid,'1d52e2fb-e153-4faa-a230-7efe407d11b2'::uuid,'Job description 5 ....'),
	 ('6a9da1af-e3ed-4416-a2e2-fa3d82037dac'::uuid,'2024-11-26 12:39:17.866475+02','2024-11-26 12:39:17.866475+02',false,'91c0ecab-95de-4d8e-a40a-c7e3506f0eea'::uuid,'1d52e2fb-e153-4faa-a230-7efe407d11b2'::uuid,'Job description 6 ....'),
	 ('6d095aa2-413a-48c8-832f-fa186243d35c'::uuid,'2024-11-26 12:39:17.866475+02','2024-11-26 12:39:17.866475+02',false,'91c0ecab-95de-4d8e-a40a-c7e3506f0eea'::uuid,'1d52e2fb-e153-4faa-a230-7efe407d11b2'::uuid,'Job description 7 ....'),
	 ('c4b43d79-9377-45df-a020-01958e9eb981'::uuid,'2024-11-26 12:39:17.866475+02','2024-11-26 12:39:17.866475+02',false,'2bc9f334-7da1-4623-9fa5-5b5f81ffdacb'::uuid,'682ed634-30a8-49a8-8a0f-eb4f65eafefb'::uuid,'Additional notes from reporter...'),
	 ('c3e6bde8-1cec-4486-afc0-4e35aff062c8'::uuid,'2024-11-26 12:39:17.866475+02','2024-11-26 12:39:17.866475+02',false,'2bc9f334-7da1-4623-9fa5-5b5f81ffdacb'::uuid,'a43ae8b5-fc54-4e4d-b175-022084486bf9'::uuid,'Job description 1 ....'),
	 ('ead9e7c2-a9b2-4e76-9b8f-688bd903f8c1'::uuid,'2024-11-26 12:39:17.866475+02','2024-11-26 12:39:17.866475+02',false,'2bc9f334-7da1-4623-9fa5-5b5f81ffdacb'::uuid,'a43ae8b5-fc54-4e4d-b175-022084486bf9'::uuid,'Job description 2 ....'),
	 ('5de74d28-77ec-46a7-a031-b5c68e61996d'::uuid,'2024-11-26 12:39:17.866475+02','2024-11-26 12:39:17.866475+02',false,'2bc9f334-7da1-4623-9fa5-5b5f81ffdacb'::uuid,'a43ae8b5-fc54-4e4d-b175-022084486bf9'::uuid,'Job description 3 ....');
INSERT INTO public.ticket_logs (id,created_at,updated_at,deleted,ticket_id,user_id,description) VALUES
	 ('2320cb3a-747e-4831-a7cb-46ab6856dcac'::uuid,'2024-11-26 12:39:17.866475+02','2024-11-26 12:39:17.866475+02',false,'2bc9f334-7da1-4623-9fa5-5b5f81ffdacb'::uuid,'a43ae8b5-fc54-4e4d-b175-022084486bf9'::uuid,'Job description 4 ....'),
	 ('867e6004-ec7a-4129-bcec-1b1be55bc124'::uuid,'2024-11-26 12:39:17.866475+02','2024-11-26 12:39:17.866475+02',false,'2bc9f334-7da1-4623-9fa5-5b5f81ffdacb'::uuid,'a43ae8b5-fc54-4e4d-b175-022084486bf9'::uuid,'Job description 5 ....'),
	 ('a4651926-07be-43bd-b353-19d7f382804d'::uuid,'2024-11-26 12:39:17.866475+02','2024-11-26 12:39:17.866475+02',false,'2bc9f334-7da1-4623-9fa5-5b5f81ffdacb'::uuid,'a43ae8b5-fc54-4e4d-b175-022084486bf9'::uuid,'Job description 6 ....'),
	 ('8e78117b-c870-4fc7-9512-fc2ca92f3aab'::uuid,'2024-11-26 12:39:17.866475+02','2024-11-26 12:39:17.866475+02',false,'2bc9f334-7da1-4623-9fa5-5b5f81ffdacb'::uuid,'a43ae8b5-fc54-4e4d-b175-022084486bf9'::uuid,'Job description 7 ....'),
	 ('6cb714a7-51d0-406a-ab6a-89aee8b1473e'::uuid,'2024-11-26 12:39:17.866475+02','2024-11-26 12:39:17.866475+02',false,'21272348-415d-4d6c-b968-3a0930c286eb'::uuid,'682ed634-30a8-49a8-8a0f-eb4f65eafefb'::uuid,'Additional notes from reporter...'),
	 ('d33b9045-e13f-4eb8-9849-9ddf846dd73a'::uuid,'2024-11-26 12:39:17.866475+02','2024-11-26 12:39:17.866475+02',false,'21272348-415d-4d6c-b968-3a0930c286eb'::uuid,'84164708-6cae-49ca-8a3b-045042b01abf'::uuid,'Job description 1 ....'),
	 ('f2ca8adb-d929-4fa6-839b-0f74bee7cf81'::uuid,'2024-11-26 12:39:17.866475+02','2024-11-26 12:39:17.866475+02',false,'21272348-415d-4d6c-b968-3a0930c286eb'::uuid,'84164708-6cae-49ca-8a3b-045042b01abf'::uuid,'Job description 2 ....'),
	 ('99f0cdd4-4e79-4b9c-ae57-0f29e112bab9'::uuid,'2024-11-26 12:39:17.866475+02','2024-11-26 12:39:17.866475+02',false,'21272348-415d-4d6c-b968-3a0930c286eb'::uuid,'84164708-6cae-49ca-8a3b-045042b01abf'::uuid,'Job description 3 ....'),
	 ('d0788f7e-80c6-496a-8dae-24f87ec3f41b'::uuid,'2024-11-26 12:39:17.866475+02','2024-11-26 12:39:17.866475+02',false,'21272348-415d-4d6c-b968-3a0930c286eb'::uuid,'84164708-6cae-49ca-8a3b-045042b01abf'::uuid,'Job description 4 ....'),
	 ('0ad92c7d-dbf3-4fa7-886c-47c306162039'::uuid,'2024-11-26 12:39:17.866475+02','2024-11-26 12:39:17.866475+02',false,'21272348-415d-4d6c-b968-3a0930c286eb'::uuid,'84164708-6cae-49ca-8a3b-045042b01abf'::uuid,'Job description 5 ....');
INSERT INTO public.ticket_logs (id,created_at,updated_at,deleted,ticket_id,user_id,description) VALUES
	 ('ac4c0a4b-0101-4063-a36e-663d13594e73'::uuid,'2024-11-26 12:39:17.866475+02','2024-11-26 12:39:17.866475+02',false,'6cfc9c09-f090-400b-9449-c74828faba4d'::uuid,'1d52e2fb-e153-4faa-a230-7efe407d11b2'::uuid,'Job description 1 ....'),
	 ('d1840415-558b-471a-8114-f24e5b903d0f'::uuid,'2024-11-26 12:39:17.866475+02','2024-11-26 12:39:17.866475+02',false,'6cfc9c09-f090-400b-9449-c74828faba4d'::uuid,'1d52e2fb-e153-4faa-a230-7efe407d11b2'::uuid,'Job description 2 ....'),
	 ('eb96131a-5933-488f-8ef9-0aade3d8b14f'::uuid,'2024-11-26 12:39:17.866475+02','2024-11-26 12:39:17.866475+02',false,'6cfc9c09-f090-400b-9449-c74828faba4d'::uuid,'1d52e2fb-e153-4faa-a230-7efe407d11b2'::uuid,'Job description 3 ....'),
	 ('6a4fbd69-1ad1-411e-bd76-ab3f29007187'::uuid,'2024-11-26 12:39:17.866475+02','2024-11-26 12:39:17.866475+02',false,'6cfc9c09-f090-400b-9449-c74828faba4d'::uuid,'1d52e2fb-e153-4faa-a230-7efe407d11b2'::uuid,'Job description 4 ....'),
	 ('44121339-1e40-443c-8289-2e7a16c8334f'::uuid,'2024-11-26 12:39:17.866475+02','2024-11-26 12:39:17.866475+02',false,'6cfc9c09-f090-400b-9449-c74828faba4d'::uuid,'1d52e2fb-e153-4faa-a230-7efe407d11b2'::uuid,'Job description 5 ....'),
	 ('7797d58d-8297-44ac-9d3c-c75d9864fdb3'::uuid,'2024-11-26 12:39:17.866475+02','2024-11-26 12:39:17.866475+02',false,'a15558cd-c788-4f69-ad1b-bf29513a3bcb'::uuid,'a51d04e4-2a4a-4254-b6c8-7be3e9616352'::uuid,'Additional notes from reporter...'),
	 ('1f6bf903-8808-40db-a336-2b2373c92d24'::uuid,'2024-11-26 12:39:17.866475+02','2024-11-26 12:39:17.866475+02',false,'a15558cd-c788-4f69-ad1b-bf29513a3bcb'::uuid,'84164708-6cae-49ca-8a3b-045042b01abf'::uuid,'Job description 1 ....'),
	 ('589fef91-e3dd-4cfa-8855-b6d604c3b1ce'::uuid,'2024-11-26 12:39:17.866475+02','2024-11-26 12:39:17.866475+02',false,'a15558cd-c788-4f69-ad1b-bf29513a3bcb'::uuid,'84164708-6cae-49ca-8a3b-045042b01abf'::uuid,'Job description 2 ....'),
	 ('e36af3ba-837d-4e96-abcf-939a970b3a60'::uuid,'2024-11-26 12:39:17.866475+02','2024-11-26 12:39:17.866475+02',false,'a15558cd-c788-4f69-ad1b-bf29513a3bcb'::uuid,'84164708-6cae-49ca-8a3b-045042b01abf'::uuid,'Job description 3 ....'),
	 ('ca4f2994-8684-4769-b69f-2fbf03bbe3bb'::uuid,'2024-11-26 12:39:17.866475+02','2024-11-26 12:39:17.866475+02',false,'a15558cd-c788-4f69-ad1b-bf29513a3bcb'::uuid,'84164708-6cae-49ca-8a3b-045042b01abf'::uuid,'Job description 4 ....');
INSERT INTO public.ticket_logs (id,created_at,updated_at,deleted,ticket_id,user_id,description) VALUES
	 ('b65b9afb-8681-4a77-81a7-f9f6fddc7724'::uuid,'2024-11-26 12:39:17.866475+02','2024-11-26 12:39:17.866475+02',false,'372ee4ba-cab4-4444-92f2-db9fa56fb766'::uuid,'a43ae8b5-fc54-4e4d-b175-022084486bf9'::uuid,'Job description 1 ....'),
	 ('a1ad9db8-197b-4185-9039-9a3703946c1f'::uuid,'2024-11-26 12:39:17.866475+02','2024-11-26 12:39:17.866475+02',false,'372ee4ba-cab4-4444-92f2-db9fa56fb766'::uuid,'a43ae8b5-fc54-4e4d-b175-022084486bf9'::uuid,'Job description 2 ....'),
	 ('6e54ed28-963d-4937-91f5-49ab3ca4d05e'::uuid,'2024-11-26 12:39:17.866475+02','2024-11-26 12:39:17.866475+02',false,'372ee4ba-cab4-4444-92f2-db9fa56fb766'::uuid,'a43ae8b5-fc54-4e4d-b175-022084486bf9'::uuid,'Job description 3 ....'),
	 ('cc7fb417-3888-4ecc-aac8-6452a97604ef'::uuid,'2024-11-26 12:39:17.866475+02','2024-11-26 12:39:17.866475+02',false,'372ee4ba-cab4-4444-92f2-db9fa56fb766'::uuid,'a43ae8b5-fc54-4e4d-b175-022084486bf9'::uuid,'Job description 4 ....'),
	 ('6f42de85-aae5-4f1a-bd9c-43eed160f9f2'::uuid,'2024-11-26 12:39:17.866475+02','2024-11-26 12:39:17.866475+02',false,'372ee4ba-cab4-4444-92f2-db9fa56fb766'::uuid,'a43ae8b5-fc54-4e4d-b175-022084486bf9'::uuid,'Job description 5 ....'),
	 ('efba0900-8dbe-4f24-910b-b00c0261f12e'::uuid,'2024-11-26 12:39:17.866475+02','2024-11-26 12:39:17.866475+02',false,'372ee4ba-cab4-4444-92f2-db9fa56fb766'::uuid,'a43ae8b5-fc54-4e4d-b175-022084486bf9'::uuid,'Job description 6 ....'),
	 ('605c65ac-fbe1-4641-9ebb-bedc9b4fbe30'::uuid,'2024-11-26 12:39:17.866475+02','2024-11-26 12:39:17.866475+02',false,'372ee4ba-cab4-4444-92f2-db9fa56fb766'::uuid,'a43ae8b5-fc54-4e4d-b175-022084486bf9'::uuid,'Job description 7 ....'),
	 ('1b95644d-d79a-479e-b1e9-1c2fb6b75fce'::uuid,'2024-11-26 12:39:17.866475+02','2024-11-26 12:39:17.866475+02',false,'127e07f5-eb9f-405f-8005-3c91cf39aafd'::uuid,'a51d04e4-2a4a-4254-b6c8-7be3e9616352'::uuid,'Additional notes from reporter...'),
	 ('a610b9d7-eb3c-4fff-829e-c0b1c29dc45a'::uuid,'2024-11-26 12:39:17.866475+02','2024-11-26 12:39:17.866475+02',false,'127e07f5-eb9f-405f-8005-3c91cf39aafd'::uuid,'84164708-6cae-49ca-8a3b-045042b01abf'::uuid,'Job description 1 ....'),
	 ('41fcd07e-7366-4781-b52b-29c10666c9d9'::uuid,'2024-11-26 12:39:17.866475+02','2024-11-26 12:39:17.866475+02',false,'127e07f5-eb9f-405f-8005-3c91cf39aafd'::uuid,'84164708-6cae-49ca-8a3b-045042b01abf'::uuid,'Job description 2 ....');
INSERT INTO public.ticket_logs (id,created_at,updated_at,deleted,ticket_id,user_id,description) VALUES
	 ('55a9c0e5-b4d4-42d5-8a21-c02a63fd71d4'::uuid,'2024-11-26 12:39:17.866475+02','2024-11-26 12:39:17.866475+02',false,'127e07f5-eb9f-405f-8005-3c91cf39aafd'::uuid,'84164708-6cae-49ca-8a3b-045042b01abf'::uuid,'Job description 3 ....'),
	 ('b2c247ab-a33a-4b76-a86f-aa2f06aff5d2'::uuid,'2024-11-26 12:39:17.866475+02','2024-11-26 12:39:17.866475+02',false,'127e07f5-eb9f-405f-8005-3c91cf39aafd'::uuid,'84164708-6cae-49ca-8a3b-045042b01abf'::uuid,'Job description 4 ....'),
	 ('a65fb4b1-f53b-494a-b523-2121ad4248ba'::uuid,'2024-11-26 12:39:17.866475+02','2024-11-26 12:39:17.866475+02',false,'765d9aa8-0e90-404b-a475-3f7c15390c60'::uuid,'79c03360-96bd-41ab-9193-23e8f2dfa852'::uuid,'Additional notes from reporter...'),
	 ('fcb9ad36-1354-4986-9c12-fc5aba2dbe17'::uuid,'2024-11-26 12:39:17.866475+02','2024-11-26 12:39:17.866475+02',false,'765d9aa8-0e90-404b-a475-3f7c15390c60'::uuid,'4776a491-04e9-4b16-b4c1-f48cde7c93d9'::uuid,'Job description 1 ....'),
	 ('4fd8dbf8-126c-49f3-af16-e6aeb0163c80'::uuid,'2024-11-26 12:39:17.866475+02','2024-11-26 12:39:17.866475+02',false,'765d9aa8-0e90-404b-a475-3f7c15390c60'::uuid,'4776a491-04e9-4b16-b4c1-f48cde7c93d9'::uuid,'Job description 2 ....'),
	 ('c4ac6a8c-6460-4bc4-84e1-67b1bb8ba72e'::uuid,'2024-11-26 12:39:17.866475+02','2024-11-26 12:39:17.866475+02',false,'765d9aa8-0e90-404b-a475-3f7c15390c60'::uuid,'4776a491-04e9-4b16-b4c1-f48cde7c93d9'::uuid,'Job description 3 ....'),
	 ('7ad4ec3f-153f-4a0c-ab7d-6550d5657ffa'::uuid,'2024-11-26 12:39:17.866475+02','2024-11-26 12:39:17.866475+02',false,'765d9aa8-0e90-404b-a475-3f7c15390c60'::uuid,'4776a491-04e9-4b16-b4c1-f48cde7c93d9'::uuid,'Job description 4 ....'),
	 ('73dd38fb-bd01-42e2-a0e6-3af0c018b818'::uuid,'2024-11-26 12:39:17.866475+02','2024-11-26 12:39:17.866475+02',false,'765d9aa8-0e90-404b-a475-3f7c15390c60'::uuid,'4776a491-04e9-4b16-b4c1-f48cde7c93d9'::uuid,'Job description 5 ....'),
	 ('116401f6-dbcb-44d7-8537-17824812acd5'::uuid,'2024-11-26 12:39:17.866475+02','2024-11-26 12:39:17.866475+02',false,'765d9aa8-0e90-404b-a475-3f7c15390c60'::uuid,'4776a491-04e9-4b16-b4c1-f48cde7c93d9'::uuid,'Job description 6 ....'),
	 ('b2ce68b2-650c-4306-8663-1ef42a5a5d67'::uuid,'2024-11-26 12:39:17.866475+02','2024-11-26 12:39:17.866475+02',false,'2c3c7ef5-b8d2-4be7-8286-9817fa7fcace'::uuid,'79c03360-96bd-41ab-9193-23e8f2dfa852'::uuid,'Additional notes from reporter...');
INSERT INTO public.ticket_logs (id,created_at,updated_at,deleted,ticket_id,user_id,description) VALUES
	 ('b08160ad-49c2-4880-9b07-63fc15646a1a'::uuid,'2024-11-26 12:39:17.866475+02','2024-11-26 12:39:17.866475+02',false,'2c3c7ef5-b8d2-4be7-8286-9817fa7fcace'::uuid,'84164708-6cae-49ca-8a3b-045042b01abf'::uuid,'Job description 1 ....'),
	 ('0c261f38-2ff7-47e7-8116-550f6353079b'::uuid,'2024-11-26 12:39:17.866475+02','2024-11-26 12:39:17.866475+02',false,'2c3c7ef5-b8d2-4be7-8286-9817fa7fcace'::uuid,'84164708-6cae-49ca-8a3b-045042b01abf'::uuid,'Job description 2 ....'),
	 ('c9d38267-b9ed-4acc-b49c-7c46cc5a1b2d'::uuid,'2024-11-26 12:39:17.866475+02','2024-11-26 12:39:17.866475+02',false,'2c3c7ef5-b8d2-4be7-8286-9817fa7fcace'::uuid,'84164708-6cae-49ca-8a3b-045042b01abf'::uuid,'Job description 3 ....'),
	 ('f0256be9-5f8f-41e9-acf2-291f11ece8d7'::uuid,'2024-11-26 12:39:17.866475+02','2024-11-26 12:39:17.866475+02',false,'7b803f5f-bf3f-4d46-82fb-e4ad1405ee8c'::uuid,'5dea3a57-9450-4234-be85-4868668a3e0f'::uuid,'Job description 1 ....'),
	 ('c1baee3c-1532-47b7-bf34-a4f6bf42e0f7'::uuid,'2024-11-26 12:39:17.866475+02','2024-11-26 12:39:17.866475+02',false,'7b803f5f-bf3f-4d46-82fb-e4ad1405ee8c'::uuid,'5dea3a57-9450-4234-be85-4868668a3e0f'::uuid,'Job description 2 ....'),
	 ('0b49fc42-b9a6-4d83-ab56-8d6b265f5ae9'::uuid,'2024-11-26 12:39:17.866475+02','2024-11-26 12:39:17.866475+02',false,'7b803f5f-bf3f-4d46-82fb-e4ad1405ee8c'::uuid,'5dea3a57-9450-4234-be85-4868668a3e0f'::uuid,'Job description 3 ....'),
	 ('0ba682d6-cd4a-41ef-a060-b180d485b1c4'::uuid,'2024-11-26 12:39:17.866475+02','2024-11-26 12:39:17.866475+02',false,'a90c99fe-4df0-4997-9335-53fd8c0c56f2'::uuid,'79c03360-96bd-41ab-9193-23e8f2dfa852'::uuid,'Additional notes from reporter...'),
	 ('5ab99802-6bc3-4540-97d7-f0dc8d38efd4'::uuid,'2024-11-26 12:39:17.866475+02','2024-11-26 12:39:17.866475+02',false,'a90c99fe-4df0-4997-9335-53fd8c0c56f2'::uuid,'a439d603-7b38-41f6-9ccd-096559659df0'::uuid,'Job description 1 ....'),
	 ('f0750f60-0306-444b-92c4-5fd5f1f02fd6'::uuid,'2024-11-26 12:39:17.866475+02','2024-11-26 12:39:17.866475+02',false,'a90c99fe-4df0-4997-9335-53fd8c0c56f2'::uuid,'a439d603-7b38-41f6-9ccd-096559659df0'::uuid,'Job description 2 ....'),
	 ('55d74aac-5744-42ca-9a59-a87c89954004'::uuid,'2024-11-26 12:39:17.866475+02','2024-11-26 12:39:17.866475+02',false,'a90c99fe-4df0-4997-9335-53fd8c0c56f2'::uuid,'a439d603-7b38-41f6-9ccd-096559659df0'::uuid,'Job description 3 ....');
INSERT INTO public.ticket_logs (id,created_at,updated_at,deleted,ticket_id,user_id,description) VALUES
	 ('665e9641-47e3-45c0-993a-a298be12b3b6'::uuid,'2024-11-26 12:39:17.866475+02','2024-11-26 12:39:17.866475+02',false,'a90c99fe-4df0-4997-9335-53fd8c0c56f2'::uuid,'a439d603-7b38-41f6-9ccd-096559659df0'::uuid,'Job description 4 ....'),
	 ('ba5931f5-7163-4a9b-a5f8-dd0a6384d7c3'::uuid,'2024-11-26 12:39:17.866475+02','2024-11-26 12:39:17.866475+02',false,'a90c99fe-4df0-4997-9335-53fd8c0c56f2'::uuid,'a439d603-7b38-41f6-9ccd-096559659df0'::uuid,'Job description 5 ....'),
	 ('442f2be4-9510-4368-8c24-01efcf2fb927'::uuid,'2024-11-26 12:39:17.866475+02','2024-11-26 12:39:17.866475+02',false,'a90c99fe-4df0-4997-9335-53fd8c0c56f2'::uuid,'a439d603-7b38-41f6-9ccd-096559659df0'::uuid,'Job description 6 ....'),
	 ('985055ae-b448-4115-a62b-8ce3bbd88334'::uuid,'2024-11-26 12:39:17.866475+02','2024-11-26 12:39:17.866475+02',false,'38b88a75-345f-46d9-833d-6b4cd53d4a69'::uuid,'4776a491-04e9-4b16-b4c1-f48cde7c93d9'::uuid,'Job description 1 ....'),
	 ('46c141ba-45f4-41e0-8a4b-f9927ba3dde2'::uuid,'2024-11-26 12:39:17.866475+02','2024-11-26 12:39:17.866475+02',false,'38b88a75-345f-46d9-833d-6b4cd53d4a69'::uuid,'4776a491-04e9-4b16-b4c1-f48cde7c93d9'::uuid,'Job description 2 ....'),
	 ('98ad26fa-eb23-4441-97b7-0527011d12ba'::uuid,'2024-11-26 12:39:17.866475+02','2024-11-26 12:39:17.866475+02',false,'bf96cc37-d361-4f7e-b6ae-3f50cd1863cc'::uuid,'dc0f41d6-21f7-45aa-a072-7cb4b2851204'::uuid,'Additional notes from reporter...'),
	 ('5dc578d4-a893-461e-bbab-583d8b4f5b36'::uuid,'2024-11-26 12:39:17.866475+02','2024-11-26 12:39:17.866475+02',false,'bf96cc37-d361-4f7e-b6ae-3f50cd1863cc'::uuid,'489aff38-9913-4034-b5c5-b8405a75b249'::uuid,'Job description 1 ....'),
	 ('37d0044c-31c9-48f7-ade9-f92338e2e8c7'::uuid,'2024-11-26 12:39:17.866475+02','2024-11-26 12:39:17.866475+02',false,'bf96cc37-d361-4f7e-b6ae-3f50cd1863cc'::uuid,'489aff38-9913-4034-b5c5-b8405a75b249'::uuid,'Job description 2 ....'),
	 ('ae48a070-a5b7-4e6d-b473-6d1d3c9acd67'::uuid,'2024-11-26 12:39:17.866475+02','2024-11-26 12:39:17.866475+02',false,'bf96cc37-d361-4f7e-b6ae-3f50cd1863cc'::uuid,'489aff38-9913-4034-b5c5-b8405a75b249'::uuid,'Job description 3 ....'),
	 ('ec8023b6-94a2-490f-9453-d0b8501aa5bc'::uuid,'2024-11-26 12:39:17.866475+02','2024-11-26 12:39:17.866475+02',false,'bf96cc37-d361-4f7e-b6ae-3f50cd1863cc'::uuid,'489aff38-9913-4034-b5c5-b8405a75b249'::uuid,'Job description 4 ....');
INSERT INTO public.ticket_logs (id,created_at,updated_at,deleted,ticket_id,user_id,description) VALUES
	 ('44a0d6d7-f006-4d73-8785-90c06f1dbfb5'::uuid,'2024-11-26 12:39:17.866475+02','2024-11-26 12:39:17.866475+02',false,'c1010767-ef76-42f2-9ebb-544d74b4ccb0'::uuid,'dc0f41d6-21f7-45aa-a072-7cb4b2851204'::uuid,'Additional notes from reporter...'),
	 ('1490438c-18c8-4621-8c39-d3abdca39b29'::uuid,'2024-11-26 12:39:17.866475+02','2024-11-26 12:39:17.866475+02',false,'c1010767-ef76-42f2-9ebb-544d74b4ccb0'::uuid,'5dea3a57-9450-4234-be85-4868668a3e0f'::uuid,'Job description 1 ....'),
	 ('d2c1fa76-d733-4f91-8499-1df712ec267e'::uuid,'2024-11-26 12:39:17.866475+02','2024-11-26 12:39:17.866475+02',false,'c1010767-ef76-42f2-9ebb-544d74b4ccb0'::uuid,'5dea3a57-9450-4234-be85-4868668a3e0f'::uuid,'Job description 2 ....'),
	 ('98a7518a-ceb1-4e32-a71c-8fa33d27a193'::uuid,'2024-11-26 12:39:17.866475+02','2024-11-26 12:39:17.866475+02',false,'b4716fc8-7847-4279-bc6a-7a62c4e8ea14'::uuid,'8bbd3e16-f942-4f37-9b30-d8c1de743f7a'::uuid,'Job description 1 ....'),
	 ('301eb715-c39f-4087-a3b1-3b865e2d64bc'::uuid,'2024-11-26 12:39:17.866475+02','2024-11-26 12:39:17.866475+02',false,'b4716fc8-7847-4279-bc6a-7a62c4e8ea14'::uuid,'8bbd3e16-f942-4f37-9b30-d8c1de743f7a'::uuid,'Job description 2 ....'),
	 ('c6ce8a54-6b0d-4c01-a237-e6b62a5bff97'::uuid,'2024-11-26 12:39:17.866475+02','2024-11-26 12:39:17.866475+02',false,'b4716fc8-7847-4279-bc6a-7a62c4e8ea14'::uuid,'8bbd3e16-f942-4f37-9b30-d8c1de743f7a'::uuid,'Job description 3 ....'),
	 ('01c5e76a-c5af-42a8-b6f2-efc3bf803247'::uuid,'2024-11-26 12:39:17.866475+02','2024-11-26 12:39:17.866475+02',false,'b4716fc8-7847-4279-bc6a-7a62c4e8ea14'::uuid,'8bbd3e16-f942-4f37-9b30-d8c1de743f7a'::uuid,'Job description 4 ....'),
	 ('9118c4fa-9339-48b6-8f21-c61e862ef3c3'::uuid,'2024-11-26 12:39:17.866475+02','2024-11-26 12:39:17.866475+02',false,'3dd04744-67ca-4260-9c16-aeb51c3d58a6'::uuid,'12903f54-fb0e-48c8-b991-916796f3a125'::uuid,'Additional notes from reporter...'),
	 ('c978fa85-5dfb-4d6d-af80-03290088e836'::uuid,'2024-11-26 12:39:17.866475+02','2024-11-26 12:39:17.866475+02',false,'3dd04744-67ca-4260-9c16-aeb51c3d58a6'::uuid,'25ba5912-2e5f-458b-86fe-470b4b0b2935'::uuid,'Job description 1 ....'),
	 ('657ddc17-ef4a-42d0-b224-cf5e1a3a2d8d'::uuid,'2024-11-26 12:39:17.866475+02','2024-11-26 12:39:17.866475+02',false,'3dd04744-67ca-4260-9c16-aeb51c3d58a6'::uuid,'25ba5912-2e5f-458b-86fe-470b4b0b2935'::uuid,'Job description 2 ....');
INSERT INTO public.ticket_logs (id,created_at,updated_at,deleted,ticket_id,user_id,description) VALUES
	 ('681ba4de-c089-4623-8715-a563066f7016'::uuid,'2024-11-26 12:39:17.866475+02','2024-11-26 12:39:17.866475+02',false,'3dd04744-67ca-4260-9c16-aeb51c3d58a6'::uuid,'25ba5912-2e5f-458b-86fe-470b4b0b2935'::uuid,'Job description 3 ....'),
	 ('0a76bdaa-d577-4ec2-8e5e-ea3384d137cb'::uuid,'2024-11-26 12:39:17.866475+02','2024-11-26 12:39:17.866475+02',false,'3dd04744-67ca-4260-9c16-aeb51c3d58a6'::uuid,'25ba5912-2e5f-458b-86fe-470b4b0b2935'::uuid,'Job description 4 ....'),
	 ('7d9aef59-f08e-4d8c-a10a-95694633a468'::uuid,'2024-11-26 12:39:17.866475+02','2024-11-26 12:39:17.866475+02',false,'3dd04744-67ca-4260-9c16-aeb51c3d58a6'::uuid,'25ba5912-2e5f-458b-86fe-470b4b0b2935'::uuid,'Job description 5 ....'),
	 ('f60e746f-6005-4d71-87a6-4b1f45b1be31'::uuid,'2024-11-26 12:39:17.866475+02','2024-11-26 12:39:17.866475+02',false,'3dd04744-67ca-4260-9c16-aeb51c3d58a6'::uuid,'25ba5912-2e5f-458b-86fe-470b4b0b2935'::uuid,'Job description 6 ....'),
	 ('5295840f-4486-4b82-b19c-e0bbbef2811a'::uuid,'2024-11-26 12:39:17.866475+02','2024-11-26 12:39:17.866475+02',false,'8816bee9-3314-4a31-9a36-930943cdbc8b'::uuid,'84164708-6cae-49ca-8a3b-045042b01abf'::uuid,'Job description 1 ....'),
	 ('bcd16418-c5c7-41da-a658-df697a08802d'::uuid,'2024-11-26 12:39:17.866475+02','2024-11-26 12:39:17.866475+02',false,'8816bee9-3314-4a31-9a36-930943cdbc8b'::uuid,'84164708-6cae-49ca-8a3b-045042b01abf'::uuid,'Job description 2 ....'),
	 ('adea5fce-e9af-4658-b03b-e2b46a6257c2'::uuid,'2024-11-26 12:39:17.866475+02','2024-11-26 12:39:17.866475+02',false,'8816bee9-3314-4a31-9a36-930943cdbc8b'::uuid,'84164708-6cae-49ca-8a3b-045042b01abf'::uuid,'Job description 3 ....'),
	 ('8d1927b4-dcd6-42de-9ebe-ed2346d004da'::uuid,'2024-11-26 12:39:17.866475+02','2024-11-26 12:39:17.866475+02',false,'8816bee9-3314-4a31-9a36-930943cdbc8b'::uuid,'84164708-6cae-49ca-8a3b-045042b01abf'::uuid,'Job description 4 ....'),
	 ('3e67b0de-ab5a-4008-a7aa-7ca59a7257d2'::uuid,'2024-11-26 12:39:17.866475+02','2024-11-26 12:39:17.866475+02',false,'8816bee9-3314-4a31-9a36-930943cdbc8b'::uuid,'84164708-6cae-49ca-8a3b-045042b01abf'::uuid,'Job description 5 ....'),
	 ('6b2850a5-6a42-4b02-9931-288b9faf09b0'::uuid,'2024-11-26 12:39:17.866475+02','2024-11-26 12:39:17.866475+02',false,'8816bee9-3314-4a31-9a36-930943cdbc8b'::uuid,'84164708-6cae-49ca-8a3b-045042b01abf'::uuid,'Job description 6 ....');
INSERT INTO public.ticket_logs (id,created_at,updated_at,deleted,ticket_id,user_id,description) VALUES
	 ('27f89306-871f-4c41-898e-a13cbb610652'::uuid,'2024-11-26 12:39:17.866475+02','2024-11-26 12:39:17.866475+02',false,'e49d771a-4eee-4975-bce8-cc748ccbe7b3'::uuid,'4776a491-04e9-4b16-b4c1-f48cde7c93d9'::uuid,'Job description 1 ....'),
	 ('59d020dc-8c7b-40e5-82b6-f0d3c4205476'::uuid,'2024-11-26 12:39:17.866475+02','2024-11-26 12:39:17.866475+02',false,'e49d771a-4eee-4975-bce8-cc748ccbe7b3'::uuid,'4776a491-04e9-4b16-b4c1-f48cde7c93d9'::uuid,'Job description 2 ....'),
	 ('ee3c70d5-d81f-43a4-9405-c3475129e6c6'::uuid,'2024-11-26 12:39:17.866475+02','2024-11-26 12:39:17.866475+02',false,'e49d771a-4eee-4975-bce8-cc748ccbe7b3'::uuid,'4776a491-04e9-4b16-b4c1-f48cde7c93d9'::uuid,'Job description 3 ....'),
	 ('25b2245b-2c39-4c60-8c70-c116e6a19f37'::uuid,'2024-11-26 12:39:17.866475+02','2024-11-26 12:39:17.866475+02',false,'e49d771a-4eee-4975-bce8-cc748ccbe7b3'::uuid,'4776a491-04e9-4b16-b4c1-f48cde7c93d9'::uuid,'Job description 4 ....'),
	 ('40c42dc0-861b-4c56-a71a-9d9843e4d640'::uuid,'2024-11-26 12:39:17.866475+02','2024-11-26 12:39:17.866475+02',false,'bcc0d0ea-167a-4811-8216-b9bfc42aff82'::uuid,'1d52e2fb-e153-4faa-a230-7efe407d11b2'::uuid,'Job description 1 ....'),
	 ('faecd1e1-95c8-48bd-87ec-da91323d0a21'::uuid,'2024-11-26 12:39:17.866475+02','2024-11-26 12:39:17.866475+02',false,'bcc0d0ea-167a-4811-8216-b9bfc42aff82'::uuid,'1d52e2fb-e153-4faa-a230-7efe407d11b2'::uuid,'Job description 2 ....'),
	 ('4b880d02-ceee-413a-a7de-e6e4301e899e'::uuid,'2024-11-26 12:39:17.866475+02','2024-11-26 12:39:17.866475+02',false,'bcc0d0ea-167a-4811-8216-b9bfc42aff82'::uuid,'1d52e2fb-e153-4faa-a230-7efe407d11b2'::uuid,'Job description 3 ....'),
	 ('40cfe8cc-a2cd-44b8-a802-d8e6e88e4181'::uuid,'2024-11-26 12:39:17.866475+02','2024-11-26 12:39:17.866475+02',false,'d96b6420-55ac-4b51-b5a9-f461b8ebb4c5'::uuid,'25ba5912-2e5f-458b-86fe-470b4b0b2935'::uuid,'Job description 1 ....'),
	 ('4adea7a9-9be6-44b6-9633-6478316fa38e'::uuid,'2024-11-26 12:39:17.866475+02','2024-11-26 12:39:17.866475+02',false,'d96b6420-55ac-4b51-b5a9-f461b8ebb4c5'::uuid,'25ba5912-2e5f-458b-86fe-470b4b0b2935'::uuid,'Job description 2 ....'),
	 ('cbb31a2e-1ffd-4249-a807-37f7efbf8c4d'::uuid,'2024-11-26 12:39:17.866475+02','2024-11-26 12:39:17.866475+02',false,'d96b6420-55ac-4b51-b5a9-f461b8ebb4c5'::uuid,'25ba5912-2e5f-458b-86fe-470b4b0b2935'::uuid,'Job description 3 ....');
INSERT INTO public.ticket_logs (id,created_at,updated_at,deleted,ticket_id,user_id,description) VALUES
	 ('5631343b-7621-4915-9fe4-1bb38fdfdf5e'::uuid,'2024-11-26 12:39:17.866475+02','2024-11-26 12:39:17.866475+02',false,'d96b6420-55ac-4b51-b5a9-f461b8ebb4c5'::uuid,'25ba5912-2e5f-458b-86fe-470b4b0b2935'::uuid,'Job description 4 ....'),
	 ('796a1d2f-a850-48e6-aa2f-2d1096a81057'::uuid,'2024-11-26 12:39:17.866475+02','2024-11-26 12:39:17.866475+02',false,'d96b6420-55ac-4b51-b5a9-f461b8ebb4c5'::uuid,'25ba5912-2e5f-458b-86fe-470b4b0b2935'::uuid,'Job description 5 ....'),
	 ('1812e978-2f77-4e10-91d4-b82d8c33f231'::uuid,'2024-11-26 12:39:17.866475+02','2024-11-26 12:39:17.866475+02',false,'d96b6420-55ac-4b51-b5a9-f461b8ebb4c5'::uuid,'25ba5912-2e5f-458b-86fe-470b4b0b2935'::uuid,'Job description 6 ....'),
	 ('4502f7f9-5e59-4d9d-b69c-37cee012b3b3'::uuid,'2024-11-26 12:39:17.866475+02','2024-11-26 12:39:17.866475+02',false,'d96b6420-55ac-4b51-b5a9-f461b8ebb4c5'::uuid,'25ba5912-2e5f-458b-86fe-470b4b0b2935'::uuid,'Job description 7 ....'),
	 ('483ac080-62a5-4ba6-976c-787bf79db9ed'::uuid,'2024-11-26 12:39:17.866475+02','2024-11-26 12:39:17.866475+02',false,'bacee48b-e6d3-46e7-ab4d-ec27a49396c8'::uuid,'c8e63091-3e3f-4a68-b6fe-c47759bf25af'::uuid,'Additional notes from reporter...'),
	 ('b2adaf4a-3e25-4070-88b3-3f6a3dd4111e'::uuid,'2024-11-26 12:39:17.866475+02','2024-11-26 12:39:17.866475+02',false,'bacee48b-e6d3-46e7-ab4d-ec27a49396c8'::uuid,'4776a491-04e9-4b16-b4c1-f48cde7c93d9'::uuid,'Job description 1 ....'),
	 ('46bd4d9e-3a53-4921-b657-1c9be8918e16'::uuid,'2024-11-26 12:39:17.866475+02','2024-11-26 12:39:17.866475+02',false,'bacee48b-e6d3-46e7-ab4d-ec27a49396c8'::uuid,'4776a491-04e9-4b16-b4c1-f48cde7c93d9'::uuid,'Job description 2 ....'),
	 ('2a5d412e-f4d1-42be-937a-42aa11f3c49b'::uuid,'2024-11-26 12:39:17.866475+02','2024-11-26 12:39:17.866475+02',false,'bacee48b-e6d3-46e7-ab4d-ec27a49396c8'::uuid,'4776a491-04e9-4b16-b4c1-f48cde7c93d9'::uuid,'Job description 3 ....'),
	 ('0eef7afc-8488-4647-9470-7e8854b040da'::uuid,'2024-11-26 12:39:17.866475+02','2024-11-26 12:39:17.866475+02',false,'bacee48b-e6d3-46e7-ab4d-ec27a49396c8'::uuid,'4776a491-04e9-4b16-b4c1-f48cde7c93d9'::uuid,'Job description 4 ....'),
	 ('db4e0b20-f377-4d49-bea7-1c983b5d3df3'::uuid,'2024-11-26 12:39:17.866475+02','2024-11-26 12:39:17.866475+02',false,'bacee48b-e6d3-46e7-ab4d-ec27a49396c8'::uuid,'4776a491-04e9-4b16-b4c1-f48cde7c93d9'::uuid,'Job description 5 ....');
INSERT INTO public.ticket_logs (id,created_at,updated_at,deleted,ticket_id,user_id,description) VALUES
	 ('b245fb2a-5007-49ab-8b28-f4772deacf75'::uuid,'2024-11-26 12:39:17.866475+02','2024-11-26 12:39:17.866475+02',false,'538e4bdc-4d00-47b4-a5d0-e659890d87b3'::uuid,'c8e63091-3e3f-4a68-b6fe-c47759bf25af'::uuid,'Additional notes from reporter...'),
	 ('3caa9c03-9fb4-491d-86f0-acb325f80a90'::uuid,'2024-11-26 12:39:17.866475+02','2024-11-26 12:39:17.866475+02',false,'538e4bdc-4d00-47b4-a5d0-e659890d87b3'::uuid,'3a243608-b873-4137-9a60-a4db1f96d856'::uuid,'Job description 1 ....'),
	 ('4bf6b97b-1e3d-4817-9f7f-9dfe57a034c1'::uuid,'2024-11-26 12:39:17.866475+02','2024-11-26 12:39:17.866475+02',false,'538e4bdc-4d00-47b4-a5d0-e659890d87b3'::uuid,'3a243608-b873-4137-9a60-a4db1f96d856'::uuid,'Job description 2 ....'),
	 ('ba542a96-a90d-425b-99d7-9249943f0d5d'::uuid,'2024-11-26 12:39:17.866475+02','2024-11-26 12:39:17.866475+02',false,'fa4a17dc-a0ed-494c-ba85-09bdba4c3599'::uuid,'12903f54-fb0e-48c8-b991-916796f3a125'::uuid,'Additional notes from reporter...'),
	 ('4f290423-a202-47bc-8fec-2c44e0228cc6'::uuid,'2024-11-26 12:39:17.866475+02','2024-11-26 12:39:17.866475+02',false,'fa4a17dc-a0ed-494c-ba85-09bdba4c3599'::uuid,'aa22ac40-5ffc-4ea9-994d-13425a669ba3'::uuid,'Job description 1 ....'),
	 ('a519750b-33b3-4e22-963a-177bc70d4cf1'::uuid,'2024-11-26 12:39:17.866475+02','2024-11-26 12:39:17.866475+02',false,'fa4a17dc-a0ed-494c-ba85-09bdba4c3599'::uuid,'aa22ac40-5ffc-4ea9-994d-13425a669ba3'::uuid,'Job description 2 ....'),
	 ('8a51d987-644e-4d20-aea1-79ad539fc276'::uuid,'2024-11-26 12:39:17.866475+02','2024-11-26 12:39:17.866475+02',false,'0ef8a8a5-3257-476e-af45-ed4c23c4dc51'::uuid,'8bbd3e16-f942-4f37-9b30-d8c1de743f7a'::uuid,'Job description 1 ....'),
	 ('0537b6d6-fbf5-48cd-a7e5-513a8cd21f25'::uuid,'2024-11-26 12:39:17.866475+02','2024-11-26 12:39:17.866475+02',false,'0ef8a8a5-3257-476e-af45-ed4c23c4dc51'::uuid,'8bbd3e16-f942-4f37-9b30-d8c1de743f7a'::uuid,'Job description 2 ....'),
	 ('de67ceb5-cebc-45b3-b03d-a40047aedb0e'::uuid,'2024-11-26 12:39:17.866475+02','2024-11-26 12:39:17.866475+02',false,'0ef8a8a5-3257-476e-af45-ed4c23c4dc51'::uuid,'8bbd3e16-f942-4f37-9b30-d8c1de743f7a'::uuid,'Job description 3 ....'),
	 ('fb0d522d-5df8-4caa-ae57-a4688367296b'::uuid,'2024-11-26 12:39:17.866475+02','2024-11-26 12:39:17.866475+02',false,'0ef8a8a5-3257-476e-af45-ed4c23c4dc51'::uuid,'8bbd3e16-f942-4f37-9b30-d8c1de743f7a'::uuid,'Job description 4 ....');
INSERT INTO public.ticket_logs (id,created_at,updated_at,deleted,ticket_id,user_id,description) VALUES
	 ('0f28ffe4-8d76-4654-9bf3-6731d27249da'::uuid,'2024-11-26 12:39:17.866475+02','2024-11-26 12:39:17.866475+02',false,'12ccce76-300c-4daf-9d2f-6ca43524bc53'::uuid,'834b7370-5b3d-4db3-9032-c91a7f23d22f'::uuid,'Job description 1 ....'),
	 ('645b9f8a-6b2e-432f-af49-185a920dd3db'::uuid,'2024-11-26 12:39:17.866475+02','2024-11-26 12:39:17.866475+02',false,'12ccce76-300c-4daf-9d2f-6ca43524bc53'::uuid,'834b7370-5b3d-4db3-9032-c91a7f23d22f'::uuid,'Job description 2 ....'),
	 ('2cf5bc42-6f82-4ec4-91b5-318199217893'::uuid,'2024-11-26 12:39:17.866475+02','2024-11-26 12:39:17.866475+02',false,'12ccce76-300c-4daf-9d2f-6ca43524bc53'::uuid,'834b7370-5b3d-4db3-9032-c91a7f23d22f'::uuid,'Job description 3 ....'),
	 ('cbc930c5-a9b0-4b38-aad1-3de5e394a44f'::uuid,'2024-11-26 12:39:17.866475+02','2024-11-26 12:39:17.866475+02',false,'12ccce76-300c-4daf-9d2f-6ca43524bc53'::uuid,'834b7370-5b3d-4db3-9032-c91a7f23d22f'::uuid,'Job description 4 ....'),
	 ('624121d2-a66a-41c2-861c-4210cccfb09e'::uuid,'2024-11-26 12:39:17.866475+02','2024-11-26 12:39:17.866475+02',false,'12ccce76-300c-4daf-9d2f-6ca43524bc53'::uuid,'834b7370-5b3d-4db3-9032-c91a7f23d22f'::uuid,'Job description 5 ....'),
	 ('674c3b0c-00aa-4e49-9176-7d6c25c18bb4'::uuid,'2024-11-26 12:39:17.866475+02','2024-11-26 12:39:17.866475+02',false,'12ccce76-300c-4daf-9d2f-6ca43524bc53'::uuid,'834b7370-5b3d-4db3-9032-c91a7f23d22f'::uuid,'Job description 6 ....'),
	 ('bb672c9c-12fe-4b96-bdab-e27c09ae7af1'::uuid,'2024-11-26 12:39:17.866475+02','2024-11-26 12:39:17.866475+02',false,'a9d51fc3-24a7-4041-a6b4-7840166a1816'::uuid,'25ba5912-2e5f-458b-86fe-470b4b0b2935'::uuid,'Job description 1 ....'),
	 ('c2f4c234-d568-4102-a84a-e97ac24c3146'::uuid,'2024-11-26 12:39:17.866475+02','2024-11-26 12:39:17.866475+02',false,'a9d51fc3-24a7-4041-a6b4-7840166a1816'::uuid,'25ba5912-2e5f-458b-86fe-470b4b0b2935'::uuid,'Job description 2 ....'),
	 ('46c88ba1-6b5e-45f1-890c-34d5583a188e'::uuid,'2024-11-26 12:39:17.866475+02','2024-11-26 12:39:17.866475+02',false,'a9d51fc3-24a7-4041-a6b4-7840166a1816'::uuid,'25ba5912-2e5f-458b-86fe-470b4b0b2935'::uuid,'Job description 3 ....'),
	 ('dd6d2cd9-fc96-4a5c-85ad-fd29d7c31a40'::uuid,'2024-11-26 12:39:17.866475+02','2024-11-26 12:39:17.866475+02',false,'a9d51fc3-24a7-4041-a6b4-7840166a1816'::uuid,'25ba5912-2e5f-458b-86fe-470b4b0b2935'::uuid,'Job description 4 ....');
INSERT INTO public.ticket_logs (id,created_at,updated_at,deleted,ticket_id,user_id,description) VALUES
	 ('ab44aa5f-663d-44af-be2f-e90424b7ca38'::uuid,'2024-11-26 12:39:17.866475+02','2024-11-26 12:39:17.866475+02',false,'a9d51fc3-24a7-4041-a6b4-7840166a1816'::uuid,'25ba5912-2e5f-458b-86fe-470b4b0b2935'::uuid,'Job description 5 ....'),
	 ('24df922b-06da-41c6-846b-6588a82fb8d4'::uuid,'2024-11-26 12:39:17.866475+02','2024-11-26 12:39:17.866475+02',false,'9ae58232-d14e-4fc0-98e1-d5074df14634'::uuid,'c8e63091-3e3f-4a68-b6fe-c47759bf25af'::uuid,'Additional notes from reporter...'),
	 ('db5827bc-6074-4840-8e98-43311f8fbb30'::uuid,'2024-11-26 12:39:17.866475+02','2024-11-26 12:39:17.866475+02',false,'9ae58232-d14e-4fc0-98e1-d5074df14634'::uuid,'a439d603-7b38-41f6-9ccd-096559659df0'::uuid,'Job description 1 ....'),
	 ('3c3ddd42-64ee-4b44-9a1c-17c8cd604b97'::uuid,'2024-11-26 12:39:17.866475+02','2024-11-26 12:39:17.866475+02',false,'9ae58232-d14e-4fc0-98e1-d5074df14634'::uuid,'a439d603-7b38-41f6-9ccd-096559659df0'::uuid,'Job description 2 ....'),
	 ('60e13dea-44be-41a2-9a03-11ec63d9af21'::uuid,'2024-11-26 12:39:17.866475+02','2024-11-26 12:39:17.866475+02',false,'63fc49ae-ae15-49af-9c74-87d4d6e15680'::uuid,'c8e63091-3e3f-4a68-b6fe-c47759bf25af'::uuid,'Additional notes from reporter...'),
	 ('a2c5fe5e-e3ad-4fb7-a06c-e46790a79f8d'::uuid,'2024-11-26 12:39:17.866475+02','2024-11-26 12:39:17.866475+02',false,'63fc49ae-ae15-49af-9c74-87d4d6e15680'::uuid,'84164708-6cae-49ca-8a3b-045042b01abf'::uuid,'Job description 1 ....'),
	 ('0944d2db-a809-4ad1-b5cc-db70958579bd'::uuid,'2024-11-26 12:39:17.866475+02','2024-11-26 12:39:17.866475+02',false,'63fc49ae-ae15-49af-9c74-87d4d6e15680'::uuid,'84164708-6cae-49ca-8a3b-045042b01abf'::uuid,'Job description 2 ....'),
	 ('be299d49-a665-4039-aa20-9aaaf9b6f8e0'::uuid,'2024-11-26 12:39:17.866475+02','2024-11-26 12:39:17.866475+02',false,'63fc49ae-ae15-49af-9c74-87d4d6e15680'::uuid,'84164708-6cae-49ca-8a3b-045042b01abf'::uuid,'Job description 3 ....'),
	 ('a1daa795-1ac3-476b-8c52-6cc3590e186a'::uuid,'2024-11-26 12:39:17.866475+02','2024-11-26 12:39:17.866475+02',false,'63fc49ae-ae15-49af-9c74-87d4d6e15680'::uuid,'84164708-6cae-49ca-8a3b-045042b01abf'::uuid,'Job description 4 ....'),
	 ('1ed39190-12cb-42e4-a917-5e8e50ae96c9'::uuid,'2024-11-26 12:39:17.866475+02','2024-11-26 12:39:17.866475+02',false,'63fc49ae-ae15-49af-9c74-87d4d6e15680'::uuid,'84164708-6cae-49ca-8a3b-045042b01abf'::uuid,'Job description 5 ....');
INSERT INTO public.ticket_logs (id,created_at,updated_at,deleted,ticket_id,user_id,description) VALUES
	 ('a37c4695-a613-4fa4-a1d6-aa557b09d2ba'::uuid,'2024-11-26 12:39:17.866475+02','2024-11-26 12:39:17.866475+02',false,'63fc49ae-ae15-49af-9c74-87d4d6e15680'::uuid,'84164708-6cae-49ca-8a3b-045042b01abf'::uuid,'Job description 6 ....'),
	 ('f0c248d5-949a-48f8-9e65-17409c80e79e'::uuid,'2024-11-26 12:39:17.866475+02','2024-11-26 12:39:17.866475+02',false,'f9d11727-e109-44c1-8bce-f23abc46fb52'::uuid,'22f283c4-b69e-4942-9137-84f49a2133ca'::uuid,'Additional notes from reporter...'),
	 ('1f6df028-aac7-452a-bab3-1c15c4960c36'::uuid,'2024-11-26 12:39:17.866475+02','2024-11-26 12:39:17.866475+02',false,'f9d11727-e109-44c1-8bce-f23abc46fb52'::uuid,'1d52e2fb-e153-4faa-a230-7efe407d11b2'::uuid,'Job description 1 ....'),
	 ('1f805e4d-651a-4e75-bff6-cbfa50b3b816'::uuid,'2024-11-26 12:39:17.866475+02','2024-11-26 12:39:17.866475+02',false,'f9d11727-e109-44c1-8bce-f23abc46fb52'::uuid,'1d52e2fb-e153-4faa-a230-7efe407d11b2'::uuid,'Job description 2 ....'),
	 ('226c20fd-1488-4724-b2e1-34f72550d48d'::uuid,'2024-11-26 12:39:17.866475+02','2024-11-26 12:39:17.866475+02',false,'f9d11727-e109-44c1-8bce-f23abc46fb52'::uuid,'1d52e2fb-e153-4faa-a230-7efe407d11b2'::uuid,'Job description 3 ....'),
	 ('be33b33c-165a-451a-9500-1ac7f0369335'::uuid,'2024-11-26 12:39:17.866475+02','2024-11-26 12:39:17.866475+02',false,'8e362193-0750-4523-a816-c2d3c9d53d8c'::uuid,'22f283c4-b69e-4942-9137-84f49a2133ca'::uuid,'Additional notes from reporter...'),
	 ('dcf17d66-a7cb-4258-b3cd-41844ce3b7d0'::uuid,'2024-11-26 12:39:17.866475+02','2024-11-26 12:39:17.866475+02',false,'8e362193-0750-4523-a816-c2d3c9d53d8c'::uuid,'84164708-6cae-49ca-8a3b-045042b01abf'::uuid,'Job description 1 ....'),
	 ('7bd6d926-a3e3-47d4-bb2b-6f043c694af9'::uuid,'2024-11-26 12:39:17.866475+02','2024-11-26 12:39:17.866475+02',false,'8e362193-0750-4523-a816-c2d3c9d53d8c'::uuid,'84164708-6cae-49ca-8a3b-045042b01abf'::uuid,'Job description 2 ....'),
	 ('36ee363f-7a46-4cca-9998-182251c725af'::uuid,'2024-11-26 12:39:17.866475+02','2024-11-26 12:39:17.866475+02',false,'8e362193-0750-4523-a816-c2d3c9d53d8c'::uuid,'84164708-6cae-49ca-8a3b-045042b01abf'::uuid,'Job description 3 ....'),
	 ('86f4e93b-7975-448b-9e93-e50e61cbf1bb'::uuid,'2024-11-26 12:39:17.866475+02','2024-11-26 12:39:17.866475+02',false,'8e362193-0750-4523-a816-c2d3c9d53d8c'::uuid,'84164708-6cae-49ca-8a3b-045042b01abf'::uuid,'Job description 4 ....');
INSERT INTO public.ticket_logs (id,created_at,updated_at,deleted,ticket_id,user_id,description) VALUES
	 ('8b0d3b7f-569e-43ed-a95d-60a5f68e69e8'::uuid,'2024-11-26 12:39:17.866475+02','2024-11-26 12:39:17.866475+02',false,'8e362193-0750-4523-a816-c2d3c9d53d8c'::uuid,'84164708-6cae-49ca-8a3b-045042b01abf'::uuid,'Job description 5 ....'),
	 ('7274dd6b-0226-455a-902f-62f17df9db44'::uuid,'2024-11-26 12:39:17.866475+02','2024-11-26 12:39:17.866475+02',false,'8e362193-0750-4523-a816-c2d3c9d53d8c'::uuid,'84164708-6cae-49ca-8a3b-045042b01abf'::uuid,'Job description 6 ....'),
	 ('f0790c51-bc38-46d1-b65a-40380140fad3'::uuid,'2024-11-26 12:39:17.866475+02','2024-11-26 12:39:17.866475+02',false,'8e362193-0750-4523-a816-c2d3c9d53d8c'::uuid,'84164708-6cae-49ca-8a3b-045042b01abf'::uuid,'Job description 7 ....'),
	 ('a85968b5-dfe9-46de-a7e5-c365713f9aa4'::uuid,'2024-11-26 12:39:17.866475+02','2024-11-26 12:39:17.866475+02',false,'6b6d6cb5-eb64-4fc7-b597-348901c8d7b1'::uuid,'a439d603-7b38-41f6-9ccd-096559659df0'::uuid,'Job description 1 ....'),
	 ('29c62afc-c18b-4684-8ae5-ad4db1b4b42d'::uuid,'2024-11-26 12:39:17.866475+02','2024-11-26 12:39:17.866475+02',false,'6b6d6cb5-eb64-4fc7-b597-348901c8d7b1'::uuid,'a439d603-7b38-41f6-9ccd-096559659df0'::uuid,'Job description 2 ....'),
	 ('df815e76-d87c-44e0-b65f-af6fb82b7fd6'::uuid,'2024-11-26 12:39:17.866475+02','2024-11-26 12:39:17.866475+02',false,'6b6d6cb5-eb64-4fc7-b597-348901c8d7b1'::uuid,'a439d603-7b38-41f6-9ccd-096559659df0'::uuid,'Job description 3 ....'),
	 ('39c4ba50-0f86-4c4d-9941-730979ea77a0'::uuid,'2024-11-26 12:39:17.866475+02','2024-11-26 12:39:17.866475+02',false,'6b6d6cb5-eb64-4fc7-b597-348901c8d7b1'::uuid,'a439d603-7b38-41f6-9ccd-096559659df0'::uuid,'Job description 4 ....'),
	 ('998f90e3-115d-4e94-b092-215a61f20a87'::uuid,'2024-11-26 12:39:17.866475+02','2024-11-26 12:39:17.866475+02',false,'c4a5a6b8-f88c-4a22-b574-721d8be14d3f'::uuid,'834b7370-5b3d-4db3-9032-c91a7f23d22f'::uuid,'Job description 1 ....'),
	 ('c25ce36b-95fa-4a63-ae0e-67030d492cb3'::uuid,'2024-11-26 12:39:17.866475+02','2024-11-26 12:39:17.866475+02',false,'c4a5a6b8-f88c-4a22-b574-721d8be14d3f'::uuid,'834b7370-5b3d-4db3-9032-c91a7f23d22f'::uuid,'Job description 2 ....'),
	 ('f0390e3d-dde5-4510-9e34-a0537760328d'::uuid,'2024-11-26 12:39:17.866475+02','2024-11-26 12:39:17.866475+02',false,'c4a5a6b8-f88c-4a22-b574-721d8be14d3f'::uuid,'834b7370-5b3d-4db3-9032-c91a7f23d22f'::uuid,'Job description 3 ....');
INSERT INTO public.ticket_logs (id,created_at,updated_at,deleted,ticket_id,user_id,description) VALUES
	 ('59a4c532-da5c-425f-a1e8-8af92b7c93a8'::uuid,'2024-11-26 12:39:17.866475+02','2024-11-26 12:39:17.866475+02',false,'c4a5a6b8-f88c-4a22-b574-721d8be14d3f'::uuid,'834b7370-5b3d-4db3-9032-c91a7f23d22f'::uuid,'Job description 4 ....'),
	 ('644b003a-c77c-419a-ad75-e88a27da9f17'::uuid,'2024-11-26 12:39:17.866475+02','2024-11-26 12:39:17.866475+02',false,'c4a5a6b8-f88c-4a22-b574-721d8be14d3f'::uuid,'834b7370-5b3d-4db3-9032-c91a7f23d22f'::uuid,'Job description 5 ....'),
	 ('b64a9083-6fcd-4962-948b-8be53c4a4227'::uuid,'2024-11-26 12:39:17.866475+02','2024-11-26 12:39:17.866475+02',false,'8862540f-463d-48ef-9328-e86504da3474'::uuid,'4776a491-04e9-4b16-b4c1-f48cde7c93d9'::uuid,'Job description 1 ....'),
	 ('06e5bd8b-762e-4cf5-bd93-fac1f4ada191'::uuid,'2024-11-26 12:39:17.866475+02','2024-11-26 12:39:17.866475+02',false,'8862540f-463d-48ef-9328-e86504da3474'::uuid,'4776a491-04e9-4b16-b4c1-f48cde7c93d9'::uuid,'Job description 2 ....'),
	 ('8ce75d68-5358-4090-a876-76c14199d7cd'::uuid,'2024-11-26 12:39:17.866475+02','2024-11-26 12:39:17.866475+02',false,'8862540f-463d-48ef-9328-e86504da3474'::uuid,'4776a491-04e9-4b16-b4c1-f48cde7c93d9'::uuid,'Job description 3 ....'),
	 ('50ea5b9d-588c-4e2a-b25f-2a2edee7af11'::uuid,'2024-11-26 12:39:17.866475+02','2024-11-26 12:39:17.866475+02',false,'8862540f-463d-48ef-9328-e86504da3474'::uuid,'4776a491-04e9-4b16-b4c1-f48cde7c93d9'::uuid,'Job description 4 ....'),
	 ('8fad770b-0198-4278-af37-dd3f1f799b40'::uuid,'2024-11-26 12:39:17.866475+02','2024-11-26 12:39:17.866475+02',false,'8862540f-463d-48ef-9328-e86504da3474'::uuid,'4776a491-04e9-4b16-b4c1-f48cde7c93d9'::uuid,'Job description 5 ....'),
	 ('54ee8b14-e224-4297-98e7-d823d851ad6d'::uuid,'2024-11-26 12:39:17.866475+02','2024-11-26 12:39:17.866475+02',false,'8862540f-463d-48ef-9328-e86504da3474'::uuid,'4776a491-04e9-4b16-b4c1-f48cde7c93d9'::uuid,'Job description 6 ....'),
	 ('098c3bd3-b2a5-4c20-a64a-73e16ea27744'::uuid,'2024-11-26 12:39:17.866475+02','2024-11-26 12:39:17.866475+02',false,'9c631e06-bf5d-4733-9c15-f4902a42f36a'::uuid,'5dea3a57-9450-4234-be85-4868668a3e0f'::uuid,'Job description 1 ....'),
	 ('5e652e46-0a36-46a9-9db9-f17f993434af'::uuid,'2024-11-26 12:39:17.866475+02','2024-11-26 12:39:17.866475+02',false,'9c631e06-bf5d-4733-9c15-f4902a42f36a'::uuid,'5dea3a57-9450-4234-be85-4868668a3e0f'::uuid,'Job description 2 ....');
INSERT INTO public.ticket_logs (id,created_at,updated_at,deleted,ticket_id,user_id,description) VALUES
	 ('f260a1c7-50a4-496e-9e24-43fd95f018fc'::uuid,'2024-11-26 12:39:17.866475+02','2024-11-26 12:39:17.866475+02',false,'9c631e06-bf5d-4733-9c15-f4902a42f36a'::uuid,'5dea3a57-9450-4234-be85-4868668a3e0f'::uuid,'Job description 3 ....'),
	 ('c2b0c448-bd80-4d30-b08c-a7bbcb4dea25'::uuid,'2024-11-26 12:39:17.866475+02','2024-11-26 12:39:17.866475+02',false,'ec7298d4-4fd4-4e29-9f15-6aa177c880ff'::uuid,'489aff38-9913-4034-b5c5-b8405a75b249'::uuid,'Job description 1 ....'),
	 ('469dd1e5-b5f5-45d3-8bee-8fd492e448b8'::uuid,'2024-11-26 12:39:17.866475+02','2024-11-26 12:39:17.866475+02',false,'ec7298d4-4fd4-4e29-9f15-6aa177c880ff'::uuid,'489aff38-9913-4034-b5c5-b8405a75b249'::uuid,'Job description 2 ....'),
	 ('28fa6982-aea2-4e0f-906d-f2f1adb35926'::uuid,'2024-11-26 12:39:17.866475+02','2024-11-26 12:39:17.866475+02',false,'ec7298d4-4fd4-4e29-9f15-6aa177c880ff'::uuid,'489aff38-9913-4034-b5c5-b8405a75b249'::uuid,'Job description 3 ....'),
	 ('7ba3257d-e00c-4718-8660-4a8cc32931e4'::uuid,'2024-11-26 12:39:17.866475+02','2024-11-26 12:39:17.866475+02',false,'135015c0-9b40-4bfa-a318-5f9135fda229'::uuid,'489aff38-9913-4034-b5c5-b8405a75b249'::uuid,'Job description 1 ....'),
	 ('8d66dc17-bf44-425e-ada7-668395bd1b1e'::uuid,'2024-11-26 12:39:17.866475+02','2024-11-26 12:39:17.866475+02',false,'135015c0-9b40-4bfa-a318-5f9135fda229'::uuid,'489aff38-9913-4034-b5c5-b8405a75b249'::uuid,'Job description 2 ....'),
	 ('0118b644-20ba-45ad-8c6f-51d2f9adbdd3'::uuid,'2024-11-26 12:39:17.866475+02','2024-11-26 12:39:17.866475+02',false,'135015c0-9b40-4bfa-a318-5f9135fda229'::uuid,'489aff38-9913-4034-b5c5-b8405a75b249'::uuid,'Job description 3 ....'),
	 ('6fb6cb23-3988-424c-9e0f-d729122b8c21'::uuid,'2024-11-26 12:39:17.866475+02','2024-11-26 12:39:17.866475+02',false,'135015c0-9b40-4bfa-a318-5f9135fda229'::uuid,'489aff38-9913-4034-b5c5-b8405a75b249'::uuid,'Job description 4 ....'),
	 ('3d9ee409-591e-4822-b616-d02ead1e0362'::uuid,'2024-11-26 12:39:17.866475+02','2024-11-26 12:39:17.866475+02',false,'135015c0-9b40-4bfa-a318-5f9135fda229'::uuid,'489aff38-9913-4034-b5c5-b8405a75b249'::uuid,'Job description 5 ....'),
	 ('8b3455c4-2e4a-49f7-b36d-fc021b0b2ee5'::uuid,'2024-11-26 12:39:17.866475+02','2024-11-26 12:39:17.866475+02',false,'9dec7f25-466e-422b-a827-94963507035c'::uuid,'682ed634-30a8-49a8-8a0f-eb4f65eafefb'::uuid,'Additional notes from reporter...');
INSERT INTO public.ticket_logs (id,created_at,updated_at,deleted,ticket_id,user_id,description) VALUES
	 ('8cebd1a3-1570-4931-94ef-4aa6c7168086'::uuid,'2024-11-26 12:39:17.866475+02','2024-11-26 12:39:17.866475+02',false,'9dec7f25-466e-422b-a827-94963507035c'::uuid,'489aff38-9913-4034-b5c5-b8405a75b249'::uuid,'Job description 1 ....'),
	 ('2b34d635-1e40-4546-a58b-267c6613de7c'::uuid,'2024-11-26 12:39:17.866475+02','2024-11-26 12:39:17.866475+02',false,'9dec7f25-466e-422b-a827-94963507035c'::uuid,'489aff38-9913-4034-b5c5-b8405a75b249'::uuid,'Job description 2 ....'),
	 ('d840b46b-e29c-4d3e-a2f1-c71ff96c248f'::uuid,'2024-11-26 12:39:17.866475+02','2024-11-26 12:39:17.866475+02',false,'9dec7f25-466e-422b-a827-94963507035c'::uuid,'489aff38-9913-4034-b5c5-b8405a75b249'::uuid,'Job description 3 ....'),
	 ('bc3272a8-0619-4abd-968a-47af2cb91a0c'::uuid,'2024-11-26 12:39:17.866475+02','2024-11-26 12:39:17.866475+02',false,'9dec7f25-466e-422b-a827-94963507035c'::uuid,'489aff38-9913-4034-b5c5-b8405a75b249'::uuid,'Job description 4 ....'),
	 ('1e163f76-d99f-4b3c-a3bb-834275938276'::uuid,'2024-11-26 12:39:17.866475+02','2024-11-26 12:39:17.866475+02',false,'dcf6fcc6-c79a-437b-91a0-2d9cdafbd0bc'::uuid,'3a243608-b873-4137-9a60-a4db1f96d856'::uuid,'Job description 1 ....'),
	 ('0f9ff2c6-f708-46ab-b176-c2ff2713d363'::uuid,'2024-11-26 12:39:17.866475+02','2024-11-26 12:39:17.866475+02',false,'dcf6fcc6-c79a-437b-91a0-2d9cdafbd0bc'::uuid,'3a243608-b873-4137-9a60-a4db1f96d856'::uuid,'Job description 2 ....'),
	 ('3873976b-8dfa-48cc-9257-b13518751020'::uuid,'2024-11-26 12:39:17.866475+02','2024-11-26 12:39:17.866475+02',false,'dcf6fcc6-c79a-437b-91a0-2d9cdafbd0bc'::uuid,'3a243608-b873-4137-9a60-a4db1f96d856'::uuid,'Job description 3 ....'),
	 ('9c6f49ef-9e69-48fa-a13a-4e499ead7b84'::uuid,'2024-11-26 12:39:17.866475+02','2024-11-26 12:39:17.866475+02',false,'dcf6fcc6-c79a-437b-91a0-2d9cdafbd0bc'::uuid,'3a243608-b873-4137-9a60-a4db1f96d856'::uuid,'Job description 4 ....'),
	 ('febac7fb-5d63-4fed-9ab4-7ece52405581'::uuid,'2024-11-26 12:39:17.866475+02','2024-11-26 12:39:17.866475+02',false,'dcf6fcc6-c79a-437b-91a0-2d9cdafbd0bc'::uuid,'3a243608-b873-4137-9a60-a4db1f96d856'::uuid,'Job description 5 ....'),
	 ('6f05c554-5c97-41ee-b07d-fa87fc980241'::uuid,'2024-11-26 12:39:17.866475+02','2024-11-26 12:39:17.866475+02',false,'dcf6fcc6-c79a-437b-91a0-2d9cdafbd0bc'::uuid,'3a243608-b873-4137-9a60-a4db1f96d856'::uuid,'Job description 6 ....');
INSERT INTO public.ticket_logs (id,created_at,updated_at,deleted,ticket_id,user_id,description) VALUES
	 ('eaa08dbf-fe33-45b4-af49-63e56b7f0c9b'::uuid,'2024-11-26 12:39:17.866475+02','2024-11-26 12:39:17.866475+02',false,'d8108f9d-e96c-45fa-8d74-a1c8c8ec08ed'::uuid,'489aff38-9913-4034-b5c5-b8405a75b249'::uuid,'Job description 1 ....'),
	 ('14be5f67-44af-4b4a-bc5c-990a4e871e37'::uuid,'2024-11-26 12:39:17.866475+02','2024-11-26 12:39:17.866475+02',false,'d8108f9d-e96c-45fa-8d74-a1c8c8ec08ed'::uuid,'489aff38-9913-4034-b5c5-b8405a75b249'::uuid,'Job description 2 ....'),
	 ('1a5ef2e4-de44-4a59-8f79-c52262c26d33'::uuid,'2024-11-26 12:39:17.866475+02','2024-11-26 12:39:17.866475+02',false,'d8108f9d-e96c-45fa-8d74-a1c8c8ec08ed'::uuid,'489aff38-9913-4034-b5c5-b8405a75b249'::uuid,'Job description 3 ....'),
	 ('ed1633c0-de32-4d0a-b7a0-819527149e52'::uuid,'2024-11-26 12:39:17.866475+02','2024-11-26 12:39:17.866475+02',false,'d8108f9d-e96c-45fa-8d74-a1c8c8ec08ed'::uuid,'489aff38-9913-4034-b5c5-b8405a75b249'::uuid,'Job description 4 ....'),
	 ('4b3fc8e2-33e3-440d-8c40-a4fa73d6a3f2'::uuid,'2024-11-26 12:39:17.866475+02','2024-11-26 12:39:17.866475+02',false,'d8108f9d-e96c-45fa-8d74-a1c8c8ec08ed'::uuid,'489aff38-9913-4034-b5c5-b8405a75b249'::uuid,'Job description 5 ....'),
	 ('704eede1-d1a6-4732-8e9b-631be2881f19'::uuid,'2024-11-26 12:39:17.866475+02','2024-11-26 12:39:17.866475+02',false,'d8108f9d-e96c-45fa-8d74-a1c8c8ec08ed'::uuid,'489aff38-9913-4034-b5c5-b8405a75b249'::uuid,'Job description 6 ....'),
	 ('91f6621c-10f7-43e3-8fa7-f4dbd65b2d00'::uuid,'2024-11-26 12:39:17.866475+02','2024-11-26 12:39:17.866475+02',false,'7bd9fc98-6be3-47cc-8670-4c9499d958a6'::uuid,'682ed634-30a8-49a8-8a0f-eb4f65eafefb'::uuid,'Additional notes from reporter...'),
	 ('d9395b02-5489-469a-b6c4-95af8816491c'::uuid,'2024-11-26 12:39:17.866475+02','2024-11-26 12:39:17.866475+02',false,'7bd9fc98-6be3-47cc-8670-4c9499d958a6'::uuid,'84164708-6cae-49ca-8a3b-045042b01abf'::uuid,'Job description 1 ....'),
	 ('b5d777e8-9b93-4bff-8a77-dcb0fde4feac'::uuid,'2024-11-26 12:39:17.866475+02','2024-11-26 12:39:17.866475+02',false,'7bd9fc98-6be3-47cc-8670-4c9499d958a6'::uuid,'84164708-6cae-49ca-8a3b-045042b01abf'::uuid,'Job description 2 ....'),
	 ('50b18503-5bce-417a-919e-6438da93aef2'::uuid,'2024-11-26 12:39:17.866475+02','2024-11-26 12:39:17.866475+02',false,'7bd9fc98-6be3-47cc-8670-4c9499d958a6'::uuid,'84164708-6cae-49ca-8a3b-045042b01abf'::uuid,'Job description 3 ....');
INSERT INTO public.ticket_logs (id,created_at,updated_at,deleted,ticket_id,user_id,description) VALUES
	 ('cebb0a37-dac1-4a8f-8fd5-823a7d5ed3b3'::uuid,'2024-11-26 12:39:17.866475+02','2024-11-26 12:39:17.866475+02',false,'346923b6-cacf-478e-af16-75b9db58b462'::uuid,'682ed634-30a8-49a8-8a0f-eb4f65eafefb'::uuid,'Additional notes from reporter...'),
	 ('95b0de17-45ee-4ec4-9483-b7ebdd553b45'::uuid,'2024-11-26 12:39:17.866475+02','2024-11-26 12:39:17.866475+02',false,'346923b6-cacf-478e-af16-75b9db58b462'::uuid,'834b7370-5b3d-4db3-9032-c91a7f23d22f'::uuid,'Job description 1 ....'),
	 ('2e1f31ed-fdd0-4986-b719-ef075a415aa3'::uuid,'2024-11-26 12:39:17.866475+02','2024-11-26 12:39:17.866475+02',false,'346923b6-cacf-478e-af16-75b9db58b462'::uuid,'834b7370-5b3d-4db3-9032-c91a7f23d22f'::uuid,'Job description 2 ....'),
	 ('6b16db60-0205-488b-a16b-9f3f0874a10c'::uuid,'2024-11-26 12:39:17.866475+02','2024-11-26 12:39:17.866475+02',false,'346923b6-cacf-478e-af16-75b9db58b462'::uuid,'834b7370-5b3d-4db3-9032-c91a7f23d22f'::uuid,'Job description 3 ....'),
	 ('4791e485-251f-44b5-8fd5-94333acb6143'::uuid,'2024-11-26 12:39:17.866475+02','2024-11-26 12:39:17.866475+02',false,'346923b6-cacf-478e-af16-75b9db58b462'::uuid,'834b7370-5b3d-4db3-9032-c91a7f23d22f'::uuid,'Job description 4 ....'),
	 ('9c3e423d-49a6-469a-b2c3-2bbc7ec8cb0f'::uuid,'2024-11-26 12:39:17.866475+02','2024-11-26 12:39:17.866475+02',false,'346923b6-cacf-478e-af16-75b9db58b462'::uuid,'834b7370-5b3d-4db3-9032-c91a7f23d22f'::uuid,'Job description 5 ....'),
	 ('c78f3abe-fa2d-42d8-82b6-75cbc358a333'::uuid,'2024-11-26 12:39:17.866475+02','2024-11-26 12:39:17.866475+02',false,'5eaf8a3f-5049-4fc0-9773-7cbdbc54d32f'::uuid,'25ba5912-2e5f-458b-86fe-470b4b0b2935'::uuid,'Job description 1 ....'),
	 ('ad39b32a-4a71-4269-88e8-6211894278ab'::uuid,'2024-11-26 12:39:17.866475+02','2024-11-26 12:39:17.866475+02',false,'5eaf8a3f-5049-4fc0-9773-7cbdbc54d32f'::uuid,'25ba5912-2e5f-458b-86fe-470b4b0b2935'::uuid,'Job description 2 ....'),
	 ('710ce86c-6c02-498a-b8d3-885bf73d5d75'::uuid,'2024-11-26 12:39:17.866475+02','2024-11-26 12:39:17.866475+02',false,'c336a89b-c5a8-4e2e-94ae-7feb91cd8f15'::uuid,'79c03360-96bd-41ab-9193-23e8f2dfa852'::uuid,'Additional notes from reporter...'),
	 ('d45984a5-535a-4fbe-94df-f561a9bfc957'::uuid,'2024-11-26 12:39:17.866475+02','2024-11-26 12:39:17.866475+02',false,'c336a89b-c5a8-4e2e-94ae-7feb91cd8f15'::uuid,'84164708-6cae-49ca-8a3b-045042b01abf'::uuid,'Job description 1 ....');
INSERT INTO public.ticket_logs (id,created_at,updated_at,deleted,ticket_id,user_id,description) VALUES
	 ('ec05c8fb-8a5f-4d99-84bd-1496bf716a9b'::uuid,'2024-11-26 12:39:17.866475+02','2024-11-26 12:39:17.866475+02',false,'c336a89b-c5a8-4e2e-94ae-7feb91cd8f15'::uuid,'84164708-6cae-49ca-8a3b-045042b01abf'::uuid,'Job description 2 ....'),
	 ('40d4d0e6-c8c5-4dff-bc4d-42306fc87747'::uuid,'2024-11-26 12:39:17.866475+02','2024-11-26 12:39:17.866475+02',false,'4295cba6-24eb-4a1b-96d5-d8e718db989a'::uuid,'79c03360-96bd-41ab-9193-23e8f2dfa852'::uuid,'Additional notes from reporter...'),
	 ('eb379f14-ee38-4959-a27b-bf72f983d7b6'::uuid,'2024-11-26 12:39:17.866475+02','2024-11-26 12:39:17.866475+02',false,'4295cba6-24eb-4a1b-96d5-d8e718db989a'::uuid,'aa22ac40-5ffc-4ea9-994d-13425a669ba3'::uuid,'Job description 1 ....'),
	 ('67c204b5-c194-405a-a5a8-3e6db65e7932'::uuid,'2024-11-26 12:39:17.866475+02','2024-11-26 12:39:17.866475+02',false,'4295cba6-24eb-4a1b-96d5-d8e718db989a'::uuid,'aa22ac40-5ffc-4ea9-994d-13425a669ba3'::uuid,'Job description 2 ....'),
	 ('675741bb-2c44-4c46-a1d3-7a7c754ce776'::uuid,'2024-11-26 12:39:17.866475+02','2024-11-26 12:39:17.866475+02',false,'053a61f1-95a7-4e29-93b8-e36fbf530ea1'::uuid,'25e48a23-ac50-4549-9f81-16f2ebc885af'::uuid,'Job description 1 ....'),
	 ('6bd5adc2-11af-485c-9819-50e7aa6d1bfb'::uuid,'2024-11-26 12:39:17.866475+02','2024-11-26 12:39:17.866475+02',false,'053a61f1-95a7-4e29-93b8-e36fbf530ea1'::uuid,'25e48a23-ac50-4549-9f81-16f2ebc885af'::uuid,'Job description 2 ....'),
	 ('3dc22d28-0579-455e-aa40-7f745d61ce96'::uuid,'2024-11-26 12:39:17.866475+02','2024-11-26 12:39:17.866475+02',false,'053a61f1-95a7-4e29-93b8-e36fbf530ea1'::uuid,'25e48a23-ac50-4549-9f81-16f2ebc885af'::uuid,'Job description 3 ....'),
	 ('785da1aa-087f-4fb3-b71d-cdac3b327839'::uuid,'2024-11-26 12:39:17.866475+02','2024-11-26 12:39:17.866475+02',false,'053a61f1-95a7-4e29-93b8-e36fbf530ea1'::uuid,'25e48a23-ac50-4549-9f81-16f2ebc885af'::uuid,'Job description 4 ....'),
	 ('7d8ccead-b421-4a08-af7e-4f39afc50bc4'::uuid,'2024-11-26 12:39:17.866475+02','2024-11-26 12:39:17.866475+02',false,'053a61f1-95a7-4e29-93b8-e36fbf530ea1'::uuid,'25e48a23-ac50-4549-9f81-16f2ebc885af'::uuid,'Job description 5 ....'),
	 ('5ee87915-c639-4203-814f-6ee4ac90fcea'::uuid,'2024-11-26 12:39:17.866475+02','2024-11-26 12:39:17.866475+02',false,'053a61f1-95a7-4e29-93b8-e36fbf530ea1'::uuid,'25e48a23-ac50-4549-9f81-16f2ebc885af'::uuid,'Job description 6 ....');
INSERT INTO public.ticket_logs (id,created_at,updated_at,deleted,ticket_id,user_id,description) VALUES
	 ('17b6626a-4200-4a2b-8f05-1bd6f16c181c'::uuid,'2024-11-26 12:39:17.866475+02','2024-11-26 12:39:17.866475+02',false,'0d842742-ad5e-41d4-8e92-0840ff95c4da'::uuid,'83f84fee-1cbb-4ce1-b923-dc9a3afa2aae'::uuid,'Additional notes from reporter...'),
	 ('aed59809-ad78-4d6d-afde-f103ba731bd9'::uuid,'2024-11-26 12:39:17.866475+02','2024-11-26 12:39:17.866475+02',false,'0d842742-ad5e-41d4-8e92-0840ff95c4da'::uuid,'25ba5912-2e5f-458b-86fe-470b4b0b2935'::uuid,'Job description 1 ....'),
	 ('be6cc43c-5939-4b0e-8cb7-c6dc56d1acca'::uuid,'2024-11-26 12:39:17.866475+02','2024-11-26 12:39:17.866475+02',false,'0d842742-ad5e-41d4-8e92-0840ff95c4da'::uuid,'25ba5912-2e5f-458b-86fe-470b4b0b2935'::uuid,'Job description 2 ....'),
	 ('873ae4dd-07dd-41c3-b7f0-949d7d2b167f'::uuid,'2024-11-26 12:39:17.866475+02','2024-11-26 12:39:17.866475+02',false,'0d842742-ad5e-41d4-8e92-0840ff95c4da'::uuid,'25ba5912-2e5f-458b-86fe-470b4b0b2935'::uuid,'Job description 3 ....'),
	 ('9eed2037-8f1a-48b9-84c7-b8dadb8f7001'::uuid,'2024-11-26 12:39:17.866475+02','2024-11-26 12:39:17.866475+02',false,'0d842742-ad5e-41d4-8e92-0840ff95c4da'::uuid,'25ba5912-2e5f-458b-86fe-470b4b0b2935'::uuid,'Job description 4 ....'),
	 ('343f6c68-2f65-4058-9bd0-cb51f3d4ab34'::uuid,'2024-11-26 12:39:17.866475+02','2024-11-26 12:39:17.866475+02',false,'e408237f-d468-400d-97db-3785c5115281'::uuid,'22f283c4-b69e-4942-9137-84f49a2133ca'::uuid,'Additional notes from reporter...'),
	 ('aa1d6917-eeb9-4b97-8253-24d170bc8cf2'::uuid,'2024-11-26 12:39:17.866475+02','2024-11-26 12:39:17.866475+02',false,'e408237f-d468-400d-97db-3785c5115281'::uuid,'3a243608-b873-4137-9a60-a4db1f96d856'::uuid,'Job description 1 ....'),
	 ('a933b4ae-9c49-48ab-9f0e-fa320adf689d'::uuid,'2024-11-26 12:39:17.866475+02','2024-11-26 12:39:17.866475+02',false,'e408237f-d468-400d-97db-3785c5115281'::uuid,'3a243608-b873-4137-9a60-a4db1f96d856'::uuid,'Job description 2 ....'),
	 ('3b11ac15-6d66-4b16-bcc0-9f6cbed7a7bc'::uuid,'2024-11-26 12:39:17.866475+02','2024-11-26 12:39:17.866475+02',false,'e408237f-d468-400d-97db-3785c5115281'::uuid,'3a243608-b873-4137-9a60-a4db1f96d856'::uuid,'Job description 3 ....'),
	 ('bf2bb258-abb2-4b08-9ae9-a703a9dabfd6'::uuid,'2024-11-26 12:39:17.866475+02','2024-11-26 12:39:17.866475+02',false,'e408237f-d468-400d-97db-3785c5115281'::uuid,'3a243608-b873-4137-9a60-a4db1f96d856'::uuid,'Job description 4 ....');
INSERT INTO public.ticket_logs (id,created_at,updated_at,deleted,ticket_id,user_id,description) VALUES
	 ('bc7aaaf8-65f6-4462-ab6f-70b6fb239582'::uuid,'2024-11-26 12:39:17.866475+02','2024-11-26 12:39:17.866475+02',false,'e408237f-d468-400d-97db-3785c5115281'::uuid,'3a243608-b873-4137-9a60-a4db1f96d856'::uuid,'Job description 5 ....'),
	 ('7d218aed-aae9-4323-b54c-03c9bf464115'::uuid,'2024-11-26 12:39:17.866475+02','2024-11-26 12:39:17.866475+02',false,'e408237f-d468-400d-97db-3785c5115281'::uuid,'3a243608-b873-4137-9a60-a4db1f96d856'::uuid,'Job description 6 ....'),
	 ('e47b73a3-0bb9-43e3-b53f-7f057440f3d0'::uuid,'2024-11-26 12:39:17.866475+02','2024-11-26 12:39:17.866475+02',false,'b1669659-fc6d-4afd-89ce-7d906a6054bd'::uuid,'1d52e2fb-e153-4faa-a230-7efe407d11b2'::uuid,'Job description 1 ....'),
	 ('0bc6533e-5fcb-41af-af6c-b75d0b9bb234'::uuid,'2024-11-26 12:39:17.866475+02','2024-11-26 12:39:17.866475+02',false,'b1669659-fc6d-4afd-89ce-7d906a6054bd'::uuid,'1d52e2fb-e153-4faa-a230-7efe407d11b2'::uuid,'Job description 2 ....'),
	 ('4bc56f57-14eb-4ce3-ab18-8a25095bf6cc'::uuid,'2024-11-26 12:39:17.866475+02','2024-11-26 12:39:17.866475+02',false,'b1669659-fc6d-4afd-89ce-7d906a6054bd'::uuid,'1d52e2fb-e153-4faa-a230-7efe407d11b2'::uuid,'Job description 3 ....'),
	 ('9df001c4-1ba6-47d6-8de7-47b25e17b610'::uuid,'2024-11-26 12:39:17.866475+02','2024-11-26 12:39:17.866475+02',false,'b1669659-fc6d-4afd-89ce-7d906a6054bd'::uuid,'1d52e2fb-e153-4faa-a230-7efe407d11b2'::uuid,'Job description 4 ....'),
	 ('308da877-318d-4041-970b-5bc98557b353'::uuid,'2024-11-26 12:39:17.866475+02','2024-11-26 12:39:17.866475+02',false,'b1669659-fc6d-4afd-89ce-7d906a6054bd'::uuid,'1d52e2fb-e153-4faa-a230-7efe407d11b2'::uuid,'Job description 5 ....'),
	 ('cad967b7-e5a5-4485-a9cd-0e54ede75889'::uuid,'2024-11-26 12:39:17.866475+02','2024-11-26 12:39:17.866475+02',false,'b1669659-fc6d-4afd-89ce-7d906a6054bd'::uuid,'1d52e2fb-e153-4faa-a230-7efe407d11b2'::uuid,'Job description 6 ....'),
	 ('40e56349-ed60-4fc8-b371-b9fa43e73650'::uuid,'2024-11-26 12:39:17.866475+02','2024-11-26 12:39:17.866475+02',false,'03d8a417-f918-409a-a488-271606b34034'::uuid,'a51d04e4-2a4a-4254-b6c8-7be3e9616352'::uuid,'Additional notes from reporter...'),
	 ('f06da98f-aff9-4ff1-9a6f-98308cb396e9'::uuid,'2024-11-26 12:39:17.866475+02','2024-11-26 12:39:17.866475+02',false,'03d8a417-f918-409a-a488-271606b34034'::uuid,'aa22ac40-5ffc-4ea9-994d-13425a669ba3'::uuid,'Job description 1 ....');
INSERT INTO public.ticket_logs (id,created_at,updated_at,deleted,ticket_id,user_id,description) VALUES
	 ('22f96253-b24a-4c23-879d-e112efc63d10'::uuid,'2024-11-26 12:39:17.866475+02','2024-11-26 12:39:17.866475+02',false,'03d8a417-f918-409a-a488-271606b34034'::uuid,'aa22ac40-5ffc-4ea9-994d-13425a669ba3'::uuid,'Job description 2 ....'),
	 ('b0c32780-1406-4740-81c8-0eaf08b85d3e'::uuid,'2024-11-26 12:39:17.866475+02','2024-11-26 12:39:17.866475+02',false,'93b46722-fb35-4607-ba31-e78946223673'::uuid,'a51d04e4-2a4a-4254-b6c8-7be3e9616352'::uuid,'Additional notes from reporter...'),
	 ('dad4f36e-4330-4fad-baaf-c4dcfd633732'::uuid,'2024-11-26 12:39:17.866475+02','2024-11-26 12:39:17.866475+02',false,'93b46722-fb35-4607-ba31-e78946223673'::uuid,'834b7370-5b3d-4db3-9032-c91a7f23d22f'::uuid,'Job description 1 ....'),
	 ('fffbdc79-1f02-4dc9-ac87-05dc5d998cc9'::uuid,'2024-11-26 12:39:17.866475+02','2024-11-26 12:39:17.866475+02',false,'93b46722-fb35-4607-ba31-e78946223673'::uuid,'834b7370-5b3d-4db3-9032-c91a7f23d22f'::uuid,'Job description 2 ....'),
	 ('b4143d65-223c-49f3-ad81-0a26f5c39635'::uuid,'2024-11-26 12:39:17.866475+02','2024-11-26 12:39:17.866475+02',false,'93b46722-fb35-4607-ba31-e78946223673'::uuid,'834b7370-5b3d-4db3-9032-c91a7f23d22f'::uuid,'Job description 3 ....'),
	 ('348d60cc-8bf2-4d2b-a666-54cc58d9e14f'::uuid,'2024-11-26 12:39:17.866475+02','2024-11-26 12:39:17.866475+02',false,'93b46722-fb35-4607-ba31-e78946223673'::uuid,'834b7370-5b3d-4db3-9032-c91a7f23d22f'::uuid,'Job description 4 ....'),
	 ('234bbc20-582a-4fc4-9d70-85db67771843'::uuid,'2024-11-26 12:39:17.866475+02','2024-11-26 12:39:17.866475+02',false,'93b46722-fb35-4607-ba31-e78946223673'::uuid,'834b7370-5b3d-4db3-9032-c91a7f23d22f'::uuid,'Job description 5 ....'),
	 ('5846645d-6039-4426-bea9-40759abd98d9'::uuid,'2024-11-26 12:39:17.866475+02','2024-11-26 12:39:17.866475+02',false,'4fa02d5d-418e-40d2-aeaf-da88041839b2'::uuid,'25e48a23-ac50-4549-9f81-16f2ebc885af'::uuid,'Job description 1 ....'),
	 ('6e4ccfc6-fb60-4034-bb56-80d8f84c6315'::uuid,'2024-11-26 12:39:17.866475+02','2024-11-26 12:39:17.866475+02',false,'4fa02d5d-418e-40d2-aeaf-da88041839b2'::uuid,'25e48a23-ac50-4549-9f81-16f2ebc885af'::uuid,'Job description 2 ....'),
	 ('5d3e3f03-7312-4371-b971-b321d20f1473'::uuid,'2024-11-26 12:39:17.866475+02','2024-11-26 12:39:17.866475+02',false,'4fa02d5d-418e-40d2-aeaf-da88041839b2'::uuid,'25e48a23-ac50-4549-9f81-16f2ebc885af'::uuid,'Job description 3 ....');
INSERT INTO public.ticket_logs (id,created_at,updated_at,deleted,ticket_id,user_id,description) VALUES
	 ('b771267a-856c-4a8a-9a71-4c9b61bf0402'::uuid,'2024-11-26 12:39:17.866475+02','2024-11-26 12:39:17.866475+02',false,'4fa02d5d-418e-40d2-aeaf-da88041839b2'::uuid,'25e48a23-ac50-4549-9f81-16f2ebc885af'::uuid,'Job description 4 ....'),
	 ('504c5b39-4b1d-4daa-80dc-c79a778488ea'::uuid,'2024-11-26 12:39:17.866475+02','2024-11-26 12:39:17.866475+02',false,'4fa02d5d-418e-40d2-aeaf-da88041839b2'::uuid,'25e48a23-ac50-4549-9f81-16f2ebc885af'::uuid,'Job description 5 ....'),
	 ('9819ce0f-e023-40de-8a01-f0b0098d0801'::uuid,'2024-11-26 12:39:17.866475+02','2024-11-26 12:39:17.866475+02',false,'4fa02d5d-418e-40d2-aeaf-da88041839b2'::uuid,'25e48a23-ac50-4549-9f81-16f2ebc885af'::uuid,'Job description 6 ....'),
	 ('2b89762b-b60c-4f48-a560-c0407776e979'::uuid,'2024-11-26 12:39:17.866475+02','2024-11-26 12:39:17.866475+02',false,'fe8bd149-43ed-4651-ac87-157c57deac5d'::uuid,'a51d04e4-2a4a-4254-b6c8-7be3e9616352'::uuid,'Additional notes from reporter...'),
	 ('08155d08-fd73-4590-8b40-07fc476db8d0'::uuid,'2024-11-26 12:39:17.866475+02','2024-11-26 12:39:17.866475+02',false,'fe8bd149-43ed-4651-ac87-157c57deac5d'::uuid,'834b7370-5b3d-4db3-9032-c91a7f23d22f'::uuid,'Job description 1 ....'),
	 ('8ccb3018-3f17-4371-9022-55b158383516'::uuid,'2024-11-26 12:39:17.866475+02','2024-11-26 12:39:17.866475+02',false,'fe8bd149-43ed-4651-ac87-157c57deac5d'::uuid,'834b7370-5b3d-4db3-9032-c91a7f23d22f'::uuid,'Job description 2 ....'),
	 ('15d454a4-3590-4d33-9506-a112399768cc'::uuid,'2024-11-26 12:39:17.866475+02','2024-11-26 12:39:17.866475+02',false,'fe8bd149-43ed-4651-ac87-157c57deac5d'::uuid,'834b7370-5b3d-4db3-9032-c91a7f23d22f'::uuid,'Job description 3 ....'),
	 ('bd16828c-baeb-4095-81bf-43949424524d'::uuid,'2024-11-26 12:39:17.866475+02','2024-11-26 12:39:17.866475+02',false,'fe8bd149-43ed-4651-ac87-157c57deac5d'::uuid,'834b7370-5b3d-4db3-9032-c91a7f23d22f'::uuid,'Job description 4 ....'),
	 ('f994877a-4054-42de-a42b-f8683e3b3dd6'::uuid,'2024-11-26 12:39:17.866475+02','2024-11-26 12:39:17.866475+02',false,'d3e18cb5-8e07-400e-89aa-a6277bc0cd77'::uuid,'4776a491-04e9-4b16-b4c1-f48cde7c93d9'::uuid,'Job description 1 ....'),
	 ('c9192d4b-4651-4813-a098-4d009c12e5ed'::uuid,'2024-11-26 12:39:17.866475+02','2024-11-26 12:39:17.866475+02',false,'d3e18cb5-8e07-400e-89aa-a6277bc0cd77'::uuid,'4776a491-04e9-4b16-b4c1-f48cde7c93d9'::uuid,'Job description 2 ....');
INSERT INTO public.ticket_logs (id,created_at,updated_at,deleted,ticket_id,user_id,description) VALUES
	 ('14904ae5-7775-409f-b13a-f1528eb9461c'::uuid,'2024-11-26 12:39:17.866475+02','2024-11-26 12:39:17.866475+02',false,'d3e18cb5-8e07-400e-89aa-a6277bc0cd77'::uuid,'4776a491-04e9-4b16-b4c1-f48cde7c93d9'::uuid,'Job description 3 ....'),
	 ('b397ce56-9d4f-41b2-9ad0-241c53e4e90d'::uuid,'2024-11-26 12:39:17.866475+02','2024-11-26 12:39:17.866475+02',false,'eacd39a3-28ef-4ad8-9753-b96587f6e9c5'::uuid,'9e0fc85f-e987-4a2e-a632-78bd9ee6c49e'::uuid,'Additional notes from reporter...'),
	 ('dd09fd89-8601-4c34-8691-26aa1e213a43'::uuid,'2024-11-26 12:39:17.866475+02','2024-11-26 12:39:17.866475+02',false,'eacd39a3-28ef-4ad8-9753-b96587f6e9c5'::uuid,'834b7370-5b3d-4db3-9032-c91a7f23d22f'::uuid,'Job description 1 ....'),
	 ('9c1f0cbe-93ca-4ae1-b96e-c55ad8d68c2e'::uuid,'2024-11-26 12:39:17.866475+02','2024-11-26 12:39:17.866475+02',false,'eacd39a3-28ef-4ad8-9753-b96587f6e9c5'::uuid,'834b7370-5b3d-4db3-9032-c91a7f23d22f'::uuid,'Job description 2 ....'),
	 ('bd3a538e-e824-481a-8ca3-4416919e8886'::uuid,'2024-11-26 12:39:17.866475+02','2024-11-26 12:39:17.866475+02',false,'eacd39a3-28ef-4ad8-9753-b96587f6e9c5'::uuid,'834b7370-5b3d-4db3-9032-c91a7f23d22f'::uuid,'Job description 3 ....'),
	 ('91826982-b0c5-404e-9b94-6025da4f4c67'::uuid,'2024-11-26 12:39:17.866475+02','2024-11-26 12:39:17.866475+02',false,'eacd39a3-28ef-4ad8-9753-b96587f6e9c5'::uuid,'834b7370-5b3d-4db3-9032-c91a7f23d22f'::uuid,'Job description 4 ....'),
	 ('65c253f9-5da3-49d0-9b34-e2fa20e07069'::uuid,'2024-11-26 12:39:17.866475+02','2024-11-26 12:39:17.866475+02',false,'73909206-c09e-4306-a545-3aea5b851898'::uuid,'9e0fc85f-e987-4a2e-a632-78bd9ee6c49e'::uuid,'Additional notes from reporter...'),
	 ('540f2fe5-0d0e-4f9c-9850-0c44cebcabf6'::uuid,'2024-11-26 12:39:17.866475+02','2024-11-26 12:39:17.866475+02',false,'73909206-c09e-4306-a545-3aea5b851898'::uuid,'4776a491-04e9-4b16-b4c1-f48cde7c93d9'::uuid,'Job description 1 ....'),
	 ('4199cc99-8713-40e7-9989-de46b5db5341'::uuid,'2024-11-26 12:39:17.866475+02','2024-11-26 12:39:17.866475+02',false,'73909206-c09e-4306-a545-3aea5b851898'::uuid,'4776a491-04e9-4b16-b4c1-f48cde7c93d9'::uuid,'Job description 2 ....'),
	 ('07351c4b-875a-4cdd-bf25-45313c2acc53'::uuid,'2024-11-26 12:39:17.866475+02','2024-11-26 12:39:17.866475+02',false,'73909206-c09e-4306-a545-3aea5b851898'::uuid,'4776a491-04e9-4b16-b4c1-f48cde7c93d9'::uuid,'Job description 3 ....');
INSERT INTO public.ticket_logs (id,created_at,updated_at,deleted,ticket_id,user_id,description) VALUES
	 ('0f42562c-f9e7-4d3c-a595-0689e4ff2141'::uuid,'2024-11-26 12:39:17.866475+02','2024-11-26 12:39:17.866475+02',false,'73909206-c09e-4306-a545-3aea5b851898'::uuid,'4776a491-04e9-4b16-b4c1-f48cde7c93d9'::uuid,'Job description 4 ....'),
	 ('678ed04b-2f51-430b-962f-185f6152aa7d'::uuid,'2024-11-26 12:39:17.866475+02','2024-11-26 12:39:17.866475+02',false,'73909206-c09e-4306-a545-3aea5b851898'::uuid,'4776a491-04e9-4b16-b4c1-f48cde7c93d9'::uuid,'Job description 5 ....'),
	 ('b07f0f09-efbc-4ec2-9a73-87ca18a031a0'::uuid,'2024-11-26 12:39:17.866475+02','2024-11-26 12:39:17.866475+02',false,'73909206-c09e-4306-a545-3aea5b851898'::uuid,'4776a491-04e9-4b16-b4c1-f48cde7c93d9'::uuid,'Job description 6 ....'),
	 ('147fa216-bdfa-4108-b129-cd4e4254f36c'::uuid,'2024-11-26 12:39:17.866475+02','2024-11-26 12:39:17.866475+02',false,'73909206-c09e-4306-a545-3aea5b851898'::uuid,'4776a491-04e9-4b16-b4c1-f48cde7c93d9'::uuid,'Job description 7 ....'),
	 ('ac97b0ec-3cb6-4612-b3c5-d94d92ee6679'::uuid,'2024-11-26 12:39:17.866475+02','2024-11-26 12:39:17.866475+02',false,'de84f132-ab56-4836-a6c9-7529272be84d'::uuid,'9e0fc85f-e987-4a2e-a632-78bd9ee6c49e'::uuid,'Additional notes from reporter...'),
	 ('0d3492ee-0f28-4096-90d4-8b6ff8e3e0d6'::uuid,'2024-11-26 12:39:17.866475+02','2024-11-26 12:39:17.866475+02',false,'de84f132-ab56-4836-a6c9-7529272be84d'::uuid,'84164708-6cae-49ca-8a3b-045042b01abf'::uuid,'Job description 1 ....'),
	 ('b10296d9-66ee-4d73-9bf9-b5c82657dc1f'::uuid,'2024-11-26 12:39:17.866475+02','2024-11-26 12:39:17.866475+02',false,'de84f132-ab56-4836-a6c9-7529272be84d'::uuid,'84164708-6cae-49ca-8a3b-045042b01abf'::uuid,'Job description 2 ....'),
	 ('dd8da4c8-45d8-4c24-9ae0-a34f839c242e'::uuid,'2024-11-26 12:39:17.866475+02','2024-11-26 12:39:17.866475+02',false,'de84f132-ab56-4836-a6c9-7529272be84d'::uuid,'84164708-6cae-49ca-8a3b-045042b01abf'::uuid,'Job description 3 ....'),
	 ('fd706059-2b40-4c44-a26d-4d5b2076bb91'::uuid,'2024-11-26 12:39:17.866475+02','2024-11-26 12:39:17.866475+02',false,'de84f132-ab56-4836-a6c9-7529272be84d'::uuid,'84164708-6cae-49ca-8a3b-045042b01abf'::uuid,'Job description 4 ....'),
	 ('2af7903d-1cdc-4ca9-abbb-60ca0aa90301'::uuid,'2024-11-26 12:39:17.866475+02','2024-11-26 12:39:17.866475+02',false,'de84f132-ab56-4836-a6c9-7529272be84d'::uuid,'84164708-6cae-49ca-8a3b-045042b01abf'::uuid,'Job description 5 ....');
INSERT INTO public.ticket_logs (id,created_at,updated_at,deleted,ticket_id,user_id,description) VALUES
	 ('201c5fd3-1dae-4df8-ae2e-27d742bb9e84'::uuid,'2024-11-26 12:39:17.866475+02','2024-11-26 12:39:17.866475+02',false,'de84f132-ab56-4836-a6c9-7529272be84d'::uuid,'84164708-6cae-49ca-8a3b-045042b01abf'::uuid,'Job description 6 ....'),
	 ('c565b326-c937-4c08-a737-4042160a6ede'::uuid,'2024-11-26 12:39:17.866475+02','2024-11-26 12:39:17.866475+02',false,'de84f132-ab56-4836-a6c9-7529272be84d'::uuid,'84164708-6cae-49ca-8a3b-045042b01abf'::uuid,'Job description 7 ....'),
	 ('dd6243ab-53c9-409d-8425-488954629c6e'::uuid,'2024-11-26 12:39:17.866475+02','2024-11-26 12:39:17.866475+02',false,'8584bdf6-e5f7-4b79-a7e2-fb30a4939f7e'::uuid,'25ba5912-2e5f-458b-86fe-470b4b0b2935'::uuid,'Job description 1 ....'),
	 ('2650f2ce-a2b1-41ad-bf6b-c0538a6aecfb'::uuid,'2024-11-26 12:39:17.866475+02','2024-11-26 12:39:17.866475+02',false,'8584bdf6-e5f7-4b79-a7e2-fb30a4939f7e'::uuid,'25ba5912-2e5f-458b-86fe-470b4b0b2935'::uuid,'Job description 2 ....'),
	 ('8bbe0b76-459e-461a-ae89-d860bd326fdf'::uuid,'2024-11-26 12:39:17.866475+02','2024-11-26 12:39:17.866475+02',false,'8584bdf6-e5f7-4b79-a7e2-fb30a4939f7e'::uuid,'25ba5912-2e5f-458b-86fe-470b4b0b2935'::uuid,'Job description 3 ....'),
	 ('e74bee1e-957e-44ea-9a78-02d2f8ee7e2f'::uuid,'2024-11-26 12:39:17.866475+02','2024-11-26 12:39:17.866475+02',false,'8584bdf6-e5f7-4b79-a7e2-fb30a4939f7e'::uuid,'25ba5912-2e5f-458b-86fe-470b4b0b2935'::uuid,'Job description 4 ....'),
	 ('7992cc5b-7de6-43ca-8843-b1cc0000dfc0'::uuid,'2024-11-26 12:39:17.866475+02','2024-11-26 12:39:17.866475+02',false,'8584bdf6-e5f7-4b79-a7e2-fb30a4939f7e'::uuid,'25ba5912-2e5f-458b-86fe-470b4b0b2935'::uuid,'Job description 5 ....'),
	 ('0262ac96-be78-442a-a144-4c47a2d06ad9'::uuid,'2024-11-26 12:39:17.866475+02','2024-11-26 12:39:17.866475+02',false,'26d36b5d-1c16-4340-b915-590ea82575d2'::uuid,'25ba5912-2e5f-458b-86fe-470b4b0b2935'::uuid,'Job description 1 ....'),
	 ('fdc5a41d-7a8a-46dc-91ec-21b3013ea2c0'::uuid,'2024-11-26 12:39:17.866475+02','2024-11-26 12:39:17.866475+02',false,'26d36b5d-1c16-4340-b915-590ea82575d2'::uuid,'25ba5912-2e5f-458b-86fe-470b4b0b2935'::uuid,'Job description 2 ....'),
	 ('95f47101-e69b-4ee6-a591-f40fd8b34079'::uuid,'2024-11-26 12:39:17.866475+02','2024-11-26 12:39:17.866475+02',false,'26d36b5d-1c16-4340-b915-590ea82575d2'::uuid,'25ba5912-2e5f-458b-86fe-470b4b0b2935'::uuid,'Job description 3 ....');
INSERT INTO public.ticket_logs (id,created_at,updated_at,deleted,ticket_id,user_id,description) VALUES
	 ('0822fad9-86f2-48b2-92bd-789e155014ab'::uuid,'2024-11-26 12:39:17.866475+02','2024-11-26 12:39:17.866475+02',false,'26d36b5d-1c16-4340-b915-590ea82575d2'::uuid,'25ba5912-2e5f-458b-86fe-470b4b0b2935'::uuid,'Job description 4 ....'),
	 ('a4e2da8d-3546-45ee-b399-c24e5ce2c574'::uuid,'2024-11-26 12:39:17.866475+02','2024-11-26 12:39:17.866475+02',false,'26d36b5d-1c16-4340-b915-590ea82575d2'::uuid,'25ba5912-2e5f-458b-86fe-470b4b0b2935'::uuid,'Job description 5 ....');
